     3.04           N: GNSS NAV DATA    G: GPS              RINEX VERSION / TYPE
sbf2rin-13.8.0                          20241204 000241 UTC PGM / RUN BY / DATE 
GPSA   2.9802E-08  7.4506E-09 -1.1921E-07  1.1921E-07       IONOSPHERIC CORR    
GPSB   1.4950E+05 -1.8022E+05  0.0000E+00  1.3107E+05       IONOSPHERIC CORR    
GPUT -9.3132257462E-10 2.664535259E-15 405504 2343          TIME SYSTEM CORR    
    18                                                      LEAP SECONDS        
                                                            END OF HEADER       
G02 2024 12 03 00 00 00-3.009764477611E-04 8.753886504564E-12 0.000000000000E+00
     1.800000000000E+01 2.578125000000E+01 4.554475426468E-09 2.012935601270E+00
     1.283362507820E-06 1.646381826140E-02-1.316890120506E-06 5.153685058594E+03
     1.728000000000E+05 2.495944499969E-07-1.445425350442E+00-9.313225746155E-09
     9.663948720083E-01 3.982500000000E+02-1.087883518327E+00-8.183912321369E-09
    -2.350097891010E-10 1.000000000000E+00 2.343000000000E+03 0.000000000000E+00
     2.000000000000E+00 0.000000000000E+00-1.769512891769E-08 1.800000000000E+01
     1.662960000000E+05 4.000000000000E+00
G03 2024 12 02 23 59 44 6.152251735330E-04 9.208633855451E-12 0.000000000000E+00
     3.000000000000E+01-1.321562500000E+02 3.720512117121E-09-1.469377052766E+00
    -6.977468729019E-06 5.652561550960E-03 7.461756467819E-06 5.153621252060E+03
     1.727840000000E+05 1.136213541031E-07-3.069605442188E-01 1.341104507446E-07
     9.875409900404E-01 2.490312500000E+02 1.155627802091E+00-7.652818770619E-09
    -2.446530479243E-10 1.000000000000E+00 2.343000000000E+03 0.000000000000E+00
     2.000000000000E+00 0.000000000000E+00 1.396983861923E-09 3.000000000000E+01
     1.726860000000E+05 4.000000000000E+00
G07 2024 12 02 23 59 44-1.710886135697E-05 1.591615728103E-12 0.000000000000E+00
     3.000000000000E+00 4.062500000000E-01 5.219503127542E-09-8.863100564743E-01
     4.451721906662E-07 1.887195836753E-02 5.144625902176E-06 5.153573043823E+03
     1.727840000000E+05 3.539025783539E-08 1.781151247002E+00 4.470348358154E-07
     9.498486014411E-01 2.750312500000E+02-2.091527934614E+00-8.394992542279E-09
     7.500312418118E-11 1.000000000000E+00 2.343000000000E+03 0.000000000000E+00
     2.000000000000E+00 0.000000000000E+00-1.071020960808E-08 3.000000000000E+00
     1.683960000000E+05 4.000000000000E+00
G08 2024 12 03 00 00 00 4.290039651096E-04 9.436007530894E-12 0.000000000000E+00
     2.400000000000E+01 1.344062500000E+02 4.634835916663E-09 1.882992021376E+00
     7.137656211853E-06 1.007233606651E-02 7.554888725281E-06 5.153727239609E+03
     1.728000000000E+05-1.750886440277E-07-2.445821563405E+00 1.918524503708E-07
     9.505168243839E-01 2.297812500000E+02 3.832787772595E-01-8.104980462112E-09
     1.142904749427E-11 1.000000000000E+00 2.343000000000E+03 0.000000000000E+00
     2.000000000000E+00 0.000000000000E+00 4.656612873077E-09 2.400000000000E+01
     1.656180000000E+05 4.000000000000E+00
G10 2024 12 03 00 00 00-2.189590595663E-04-1.500666257925E-11 0.000000000000E+00
     1.030000000000E+02-1.424375000000E+02 3.548004931504E-09-2.444594862708E+00
    -7.415190339088E-06 1.003635884263E-02 6.711110472679E-06 5.153690189362E+03
     1.728000000000E+05 2.980232238770E-08-3.094919732744E-01-9.685754776001E-08
     9.871698667416E-01 2.633125000000E+02-2.351941551806E+00-7.458524963217E-09
    -7.964617472573E-11 1.000000000000E+00 2.343000000000E+03 0.000000000000E+00
     2.000000000000E+00 0.000000000000E+00 2.328306436539E-09 1.030000000000E+02
     1.656180000000E+05 4.000000000000E+00
G13 2024 12 03 00 00 00 6.884611211717E-04 1.477928890381E-12 0.000000000000E+00
     8.700000000000E+01-2.637500000000E+01 4.092670476153E-09 1.576506413511E+00
    -1.393258571625E-06 8.776690112427E-03 9.153038263321E-06 5.153687488556E+03
     1.728000000000E+05-1.788139343262E-07 8.769203548184E-01 0.000000000000E+00
     9.724788688826E-01 2.099062500000E+02 9.741076774833E-01-7.679605600684E-09
     6.264546657799E-10 1.000000000000E+00 2.343000000000E+03 0.000000000000E+00
     2.000000000000E+00 0.000000000000E+00-1.164153218269E-08 8.700000000000E+01
     1.656180000000E+05 4.000000000000E+00
G14 2024 12 03 00 00 00 5.522659048438E-04 7.844391802792E-12 0.000000000000E+00
     1.790000000000E+02 2.962500000000E+01 4.796628370253E-09-1.769003709237E+00
     1.383945345879E-06 5.048814346083E-03 9.588897228241E-06 5.153699014664E+03
     1.728000000000E+05 8.754432201385E-08 2.849883419484E+00-6.332993507385E-08
     9.448608378408E-01 1.862500000000E+02-2.860060813287E+00-7.887471401986E-09
    -4.343038047824E-10 1.000000000000E+00 2.343000000000E+03 0.000000000000E+00
     2.000000000000E+00 0.000000000000E+00-7.916241884232E-09 9.470000000000E+02
     1.704180000000E+05 4.000000000000E+00
G15 2024 12 03 00 00 00 2.349251881242E-04 4.547473508865E-12 0.000000000000E+00
     1.000000000000E+01-5.918750000000E+01 4.811986152824E-09 8.671944204599E-01
    -3.080815076828E-06 1.613039756194E-02 1.036748290062E-05 5.153734851837E+03
     1.728000000000E+05-2.346932888031E-07 5.754846933503E-01-5.960464477539E-08
     9.373936782550E-01 1.741250000000E+02 1.381431612663E+00-8.219985252523E-09
     4.271606500985E-10 1.000000000000E+00 2.343000000000E+03 0.000000000000E+00
     2.000000000000E+00 0.000000000000E+00-1.024454832077E-08 1.000000000000E+01
     1.656180000000E+05 4.000000000000E+00
G16 2024 12 03 00 00 00-1.131161116064E-04 9.663381206337E-12 0.000000000000E+00
     9.500000000000E+01 2.959375000000E+01 4.360895934534E-09 2.875242633328E+00
     1.424923539162E-06 1.431938039605E-02 1.057423651218E-05 5.153660991669E+03
     1.728000000000E+05-3.352761268616E-08 2.914897751820E+00-1.825392246246E-07
     9.609603332265E-01 1.760312500000E+02 8.567247692712E-01-7.487097581953E-09
    -4.860916762409E-10 1.000000000000E+00 2.343000000000E+03 0.000000000000E+00
     2.000000000000E+00 0.000000000000E+00-1.024454832077E-08 9.500000000000E+01
     1.656180000000E+05 4.000000000000E+00
G18 2024 12 03 00 00 00-6.605791859329E-04 1.136868377216E-13 0.000000000000E+00
     2.390000000000E+02 8.500000000000E+00 4.460185784641E-09-1.557334212307E-01
     2.440065145493E-07 4.797714063898E-03-1.247972249985E-07 5.153720457077E+03
     1.728000000000E+05 2.421438694000E-08-1.341426858213E+00 7.636845111847E-08
     9.740188476346E-01 3.870000000000E+02-2.941660511214E+00-8.373563078227E-09
    -1.467918287546E-10 1.000000000000E+00 2.343000000000E+03 0.000000000000E+00
     2.000000000000E+00 0.000000000000E+00-8.381903171539E-09 2.390000000000E+02
     1.656180000000E+05 4.000000000000E+00
G21 2024 12 03 00 00 00 9.596766903996E-05-1.023181539495E-12 0.000000000000E+00
     5.800000000000E+01 3.931250000000E+01 4.670551690082E-09 1.695741677373E+00
     2.164393663406E-06 2.566597959958E-02-9.424984455109E-07 5.153636337280E+03
     1.728000000000E+05 2.682209014893E-07-1.453749762467E+00 2.495944499969E-07
     9.606369010571E-01 3.885000000000E+02-4.849774247535E-01-8.305345950996E-09
    -3.903734034763E-10 1.000000000000E+00 2.343000000000E+03 0.000000000000E+00
     4.000000000000E+00 0.000000000000E+00-1.024454832077E-08 5.800000000000E+01
     1.656180000000E+05 4.000000000000E+00
G23 2024 12 03 00 00 00 3.756014630198E-04 7.844391802792E-12 0.000000000000E+00
     6.000000000000E+00-1.355625000000E+02 3.745513158514E-09-1.275521515140E+00
    -7.059425115585E-06 4.949995549396E-03 6.193295121193E-06 5.153627420425E+03
     1.728000000000E+05 5.774199962616E-08-3.393828084734E-01-2.011656761169E-07
     9.822737622735E-01 2.749062500000E+02-2.890456409351E+00-7.645675615936E-09
    -1.996511734156E-10 1.000000000000E+00 2.343000000000E+03 0.000000000000E+00
     2.000000000000E+00 0.000000000000E+00-8.381903171539E-09 5.180000000000E+02
     1.656180000000E+05 4.000000000000E+00
G26 2024 12 02 23 59 44 5.266629159451E-06-1.364242052659E-11 0.000000000000E+00
     1.800000000000E+01 2.187500000000E+00 5.210217026452E-09-2.573458219504E+00
    -1.545995473862E-07 9.664261131547E-03 9.533017873764E-06 5.153737680435E+03
     1.727840000000E+05 9.313225746155E-09 2.742643861508E+00-1.937150955200E-07
     9.302878740640E-01 1.808437500000E+02 5.875261885726E-01-8.054621221590E-09
    -4.575190575052E-10 1.000000000000E+00 2.343000000000E+03 0.000000000000E+00
     2.000000000000E+00 0.000000000000E+00 6.519258022308E-09 1.800000000000E+01
     1.656180000000E+05 4.000000000000E+00
G27 2024 12 03 00 00 00-3.446359187365E-05 2.273736754432E-13 0.000000000000E+00
     2.900000000000E+01 1.373125000000E+02 4.418755487474E-09 1.952216080424E+00
     7.042661309242E-06 1.292804756667E-02 7.435679435730E-06 5.153692857742E+03
     1.728000000000E+05-3.296881914139E-07-2.417721911936E+00-1.545995473862E-07
     9.595473898918E-01 2.357187500000E+02 8.007707011425E-01-7.939973588913E-09
     1.064330047904E-10 1.000000000000E+00 2.343000000000E+03 0.000000000000E+00
     2.000000000000E+00 0.000000000000E+00 1.862645149231E-09 2.900000000000E+01
     1.656180000000E+05 4.000000000000E+00
G30 2024 12 03 00 00 00-2.695261500776E-04 7.958078640513E-12 0.000000000000E+00
     5.600000000000E+01-1.437500000000E+00 5.447726919693E-09-1.054431340726E+00
     2.607703208923E-08 7.168497075327E-03 4.803761839867E-06 5.153757198334E+03
     1.728000000000E+05 1.899898052216E-07 1.778930307679E+00 7.636845111847E-08
     9.350159550762E-01 2.692187500000E+02-2.461590739203E+00-8.342133197618E-09
     1.007184810433E-10 1.000000000000E+00 2.343000000000E+03 0.000000000000E+00
     2.000000000000E+00 0.000000000000E+00 3.725290298462E-09 5.600000000000E+01
     1.656180000000E+05 4.000000000000E+00
G32 2024 12 03 00 00 00-5.650562234223E-04 5.798028723802E-12 0.000000000000E+00
     2.000000000000E+01-3.312500000000E+01 4.055168914062E-09 2.564528959611E+00
    -1.676380634308E-06 8.106662891805E-03 9.825453162193E-06 5.153761751175E+03
     1.728000000000E+05 9.499490261078E-08 7.235604581917E-01-1.341104507446E-07
     9.634129051460E-01 1.898437500000E+02-2.126893059004E+00-7.498883787181E-09
     6.225259307038E-10 1.000000000000E+00 2.343000000000E+03 0.000000000000E+00
     2.000000000000E+00 0.000000000000E+00 9.313225746155E-10 2.000000000000E+01
     1.686180000000E+05 4.000000000000E+00
G08 2024 12 03 02 00 00 4.290719516575E-04 9.436007530894E-12 0.000000000000E+00
     3.800000000000E+01 1.395312500000E+02 4.556261215139E-09 2.933238129028E+00
     7.268041372299E-06 1.007377950009E-02 8.137896656990E-06 5.153724014282E+03
     1.800000000000E+05-1.229345798492E-07-2.445879590051E+00-1.154839992523E-07
     9.505184687038E-01 2.180312500000E+02 3.831825128611E-01-7.843898158414E-09
     1.167905790821E-10 1.000000000000E+00 2.343000000000E+03 0.000000000000E+00
     2.000000000000E+00 0.000000000000E+00 4.656612873077E-09 3.800000000000E+01
     1.728180000000E+05 4.000000000000E+00
G21 2024 12 03 02 00 00 9.596068412066E-05-1.023181539495E-12 0.000000000000E+00
     5.900000000000E+01 4.571875000000E+01 4.711624829515E-09 2.745959493652E+00
     2.440065145493E-06 2.566664747428E-02-6.593763828278E-07 5.153635118484E+03
     1.800000000000E+05-1.713633537292E-07-1.453811390817E+00 5.699694156647E-07
     9.606356210038E-01 3.913125000000E+02-4.849888559954E-01-8.167125907862E-09
     0.000000000000E+00 1.000000000000E+00 2.343000000000E+03 0.000000000000E+00
     4.000000000000E+00 0.000000000000E+00-1.024454832077E-08 5.900000000000E+01
     1.728180000000E+05 4.000000000000E+00
G10 2024 12 03 02 00 00-2.190670929849E-04-1.500666257925E-11 0.000000000000E+00
     1.060000000000E+02-1.391562500000E+02 3.675153084878E-09-1.394531195570E+00
    -7.294118404388E-06 1.003709074575E-02 6.247311830521E-06 5.153687917709E+03
     1.800000000000E+05 3.110617399216E-07-3.095449279830E-01-3.725290298462E-08
     9.871683994348E-01 2.727812500000E+02-2.351840528535E+00-7.601388056895E-09
    -2.600108304947E-10 1.000000000000E+00 2.343000000000E+03 0.000000000000E+00
     2.000000000000E+00 0.000000000000E+00 2.328306436539E-09 1.060000000000E+02
     1.728180000000E+05 4.000000000000E+00
G27 2024 12 03 02 00 00-3.446172922850E-05 2.273736754432E-13 0.000000000000E+00
     3.200000000000E+01 1.400000000000E+02 4.308036589873E-09 3.002477187375E+00
     7.074326276779E-06 1.292895362712E-02 8.022412657738E-06 5.153690158844E+03
     1.800000000000E+05-3.352761268616E-08-2.417777909515E+00-1.844018697739E-07
     9.595493384986E-01 2.241250000000E+02 8.006789088847E-01-7.688891701773E-09
     1.132190017402E-10 1.000000000000E+00 2.343000000000E+03 0.000000000000E+00
     2.000000000000E+00 0.000000000000E+00 1.862645149231E-09 3.200000000000E+01
     1.728180000000E+05 4.000000000000E+00
G02 2024 12 03 02 00 00-3.009131178260E-04 8.753886504564E-12 0.000000000000E+00
     1.900000000000E+01 3.175000000000E+01 4.615549399016E-09 3.063060681709E+00
     1.765787601471E-06 1.646317134146E-02-6.835907697678E-07 5.153686895370E+03
     1.800000000000E+05 2.197921276093E-07-1.445485714831E+00 3.445893526077E-07
     9.663939211115E-01 3.924062500000E+02-1.087834196044E+00-8.182840848166E-09
     3.250135381184E-11 1.000000000000E+00 2.343000000000E+03 0.000000000000E+00
     2.000000000000E+00 0.000000000000E+00-1.769512891769E-08 1.900000000000E+01
     1.728180000000E+05 4.000000000000E+00
G32 2024 12 03 02 00 00-5.650147795677E-04 5.798028723802E-12 0.000000000000E+00
     5.400000000000E+01-4.456250000000E+01 4.090170372014E-09-2.668509991912E+00
    -2.203509211540E-06 8.108281530440E-03 9.734183549881E-06 5.153758716583E+03
     1.800000000000E+05 5.587935447693E-08 7.235070075538E-01-5.215406417847E-08
     9.634173772865E-01 1.926562500000E+02-2.126914727747E+00-7.446024442520E-09
     5.889531036893E-10 1.000000000000E+00 2.343000000000E+03 0.000000000000E+00
     2.000000000000E+00 0.000000000000E+00 9.313225746155E-10 5.400000000000E+01
     1.728180000000E+05 4.000000000000E+00
G14 2024 12 03 02 00 00 5.523222498596E-04 7.844391802792E-12 0.000000000000E+00
     1.800000000000E+02 2.240625000000E+01 4.758769650429E-09-7.186832516993E-01
     1.188367605209E-06 5.049318308011E-03 9.475275874138E-06 5.153700708389E+03
     1.800000000000E+05 1.303851604462E-07 2.849826782610E+00 3.911554813385E-08
     9.448575053134E-01 1.871875000000E+02-2.860214407982E+00-7.946045270394E-09
    -4.660908431259E-10 1.000000000000E+00 2.343000000000E+03 0.000000000000E+00
     2.000000000000E+00 0.000000000000E+00-7.916241884232E-09 9.480000000000E+02
     1.728180000000E+05 4.000000000000E+00
G23 2024 12 03 02 00 00 3.756578080356E-04 7.844391802792E-12 0.000000000000E+00
     7.000000000000E+00-1.451875000000E+02 3.875518573762E-09-2.250994857371E-01
    -7.715076208115E-06 4.951155046001E-03 5.772337317467E-06 5.153630418777E+03
     1.800000000000E+05 1.043081283569E-07-3.394378917278E-01 7.264316082001E-08
     9.822709227495E-01 2.810937500000E+02-2.890675703697E+00-7.873542250353E-09
    -3.200133298397E-10 1.000000000000E+00 2.343000000000E+03 0.000000000000E+00
     2.000000000000E+00 0.000000000000E+00-8.381903171539E-09 5.190000000000E+02
     1.728180000000E+05 4.000000000000E+00
G03 2024 12 03 02 00 00 6.152917630970E-04 9.208633855451E-12 0.000000000000E+00
     1.080000000000E+02-1.247812500000E+02 3.745156000780E-09-4.165005832982E-01
    -6.599351763725E-06 5.653977394104E-03 6.644055247307E-06 5.153625736237E+03
     1.800000000000E+05-2.421438694000E-08-3.070165608150E-01 3.352761268616E-08
     9.875386040210E-01 2.643750000000E+02 1.155291238769E+00-7.812111120071E-09
    -2.146517982518E-10 1.000000000000E+00 2.343000000000E+03 0.000000000000E+00
     2.000000000000E+00 0.000000000000E+00 1.396983861923E-09 1.080000000000E+02
     1.728180000000E+05 4.000000000000E+00
G22 2024 12 03 02 00 00-8.375803008676E-05-2.614797267597E-12 0.000000000000E+00
     9.000000000000E+01 4.250000000000E+01 4.263391873099E-09-2.879404727427E+00
     2.212822437286E-06 1.368493307382E-02 1.001544296741E-05 5.153683172226E+03
     1.800000000000E+05 8.568167686462E-08 2.918138757587E+00 2.048909664154E-07
     9.603138433948E-01 1.814062500000E+02-1.082957665419E+00-7.435309710494E-09
    -4.378753821244E-10 1.000000000000E+00 2.343000000000E+03 0.000000000000E+00
     2.000000000000E+00 0.000000000000E+00-1.117587089539E-08 9.000000000000E+01
     1.731180000000E+05 4.000000000000E+00
G24 2024 12 03 02 00 00-4.763910546899E-04 2.728484105319E-12 0.000000000000E+00
     1.400000000000E+01 3.312500000000E+00 5.527373094419E-09 1.037277315472E+00
     1.154839992523E-07 1.635745330714E-02 5.492940545082E-06 5.153680507660E+03
     1.800000000000E+05-2.142041921616E-07 1.680676042286E+00 4.842877388000E-08
     9.335912220846E-01 2.624375000000E+02 1.036245472538E+00-8.580000248593E-09
     4.321608583773E-11 1.000000000000E+00 2.343000000000E+03 0.000000000000E+00
     2.000000000000E+00 0.000000000000E+00 2.328306436539E-09 1.400000000000E+01
     1.749420000000E+05 4.000000000000E+00
G21 2024 12 03 01 59 44 9.596021845937E-05-1.023181539495E-12 0.000000000000E+00
     1.500000000000E+01 4.571875000000E+01 4.711267671781E-09 2.743625764809E+00
     2.440065145493E-06 2.566664549522E-02-6.593763828278E-07 5.153635099411E+03
     1.799840000000E+05-1.713633537292E-07-1.453811247451E+00 5.699694156647E-07
     9.606356224667E-01 3.913125000000E+02-4.849888208854E-01-8.167125907862E-09
     0.000000000000E+00 1.000000000000E+00 2.343000000000E+03 0.000000000000E+00
     2.000000000000E+00 0.000000000000E+00-1.024454832077E-08 1.500000000000E+01
     1.749960000000E+05 4.000000000000E+00
G17 2024 12 03 02 00 00 5.350159481168E-04-1.546140993014E-11 0.000000000000E+00
     2.100000000000E+01 1.495625000000E+02 4.247319775060E-09 2.880147601617E+00
     7.849186658859E-06 1.349502406083E-02 6.176531314850E-06 5.153592071533E+03
     1.800000000000E+05 2.644956111908E-07-2.348205930511E+00 7.823109626770E-08
     9.662400513880E-01 2.604687500000E+02-1.261355244052E+00-7.723536001990E-09
     7.500312418118E-11 1.000000000000E+00 2.343000000000E+03 0.000000000000E+00
     2.000000000000E+00 0.000000000000E+00-1.117587089539E-08 2.100000000000E+01
     1.752360000000E+05 4.000000000000E+00
G27 2024 12 03 01 59 44-3.445986658335E-05 2.273736754432E-13 0.000000000000E+00
     0.000000000000E+00 1.400000000000E+02 4.308036589873E-09 3.000143284444E+00
     7.074326276779E-06 1.292895153165E-02 8.022412657738E-06 5.153690158844E+03
     1.799840000000E+05-3.352761268616E-08-2.417777782241E+00-1.844018697739E-07
     9.595493297211E-01 2.241250000000E+02 8.006790976011E-01-7.688891701773E-09
     1.132190017402E-10 1.000000000000E+00 2.343000000000E+03 0.000000000000E+00
     2.000000000000E+00 0.000000000000E+00 1.862645149231E-09 0.000000000000E+00
     1.753680000000E+05 4.000000000000E+00
G03 2024 12 03 01 59 44 6.152889691293E-04 9.208633855451E-12 0.000000000000E+00
     2.700000000000E+01-1.247812500000E+02 3.745156000780E-09-4.188344906177E-01
    -6.599351763725E-06 5.653972388245E-03 6.644055247307E-06 5.153625728607E+03
     1.799840000000E+05-2.421438694000E-08-3.070164218377E-01 3.352761268616E-08
     9.875386157244E-01 2.643750000000E+02 1.155291386523E+00-7.812111120071E-09
    -2.146517982518E-10 1.000000000000E+00 2.343000000000E+03 0.000000000000E+00
     2.000000000000E+00 0.000000000000E+00 1.396983861923E-09 2.700000000000E+01
     1.779780000000E+05 4.000000000000E+00
G04 2024 12 03 02 00 00 4.895417951047E-04 6.252776074689E-12 0.000000000000E+00
     1.160000000000E+02-2.731250000000E+01 4.176959701423E-09 2.615183323191E+00
    -1.458451151848E-06 3.191028605215E-03 9.864568710327E-06 5.153687477112E+03
     1.800000000000E+05-4.284083843231E-08 7.691061523812E-01-3.352761268616E-08
     9.663067107132E-01 1.933750000000E+02-2.990677136541E+00-7.650675824214E-09
     5.164500836475E-10 1.000000000000E+00 2.343000000000E+03 0.000000000000E+00
     2.000000000000E+00 0.000000000000E+00-4.656612873077E-09 3.720000000000E+02
     1.791420000000E+05 4.000000000000E+00
G19 2024 12 03 01 59 44 5.696429871023E-04 4.320099833421E-12 0.000000000000E+00
     2.200000000000E+01 1.364062500000E+02 4.370896351092E-09-1.537747481561E+00
     7.091090083122E-06 9.961922769435E-03 6.087124347687E-06 5.153597087860E+03
     1.799840000000E+05-8.940696716309E-08-2.303985155875E+00-1.583248376846E-07
     9.654187925850E-01 2.686562500000E+02 2.688777275075E+00-8.021048394576E-09
     2.400099973798E-10 1.000000000000E+00 2.343000000000E+03 0.000000000000E+00
     2.000000000000E+00 0.000000000000E+00-1.536682248116E-08 2.200000000000E+01
     1.791720000000E+05 4.000000000000E+00
G28 2024 12 03 02 00 00-4.970370791852E-04-1.114131009672E-11 0.000000000000E+00
     4.200000000000E+01-3.125000000000E-01 4.734840082237E-09-1.063332985116E+00
     1.043081283569E-07 4.828918026760E-04 5.396082997322E-06 5.153758619308E+03
     1.800000000000E+05 2.607703208923E-08 1.750168700409E+00-2.235174179077E-08
     9.609008919391E-01 2.739687500000E+02 1.423604211287E+00-7.972474942725E-09
     1.964367538078E-10 1.000000000000E+00 2.343000000000E+03 0.000000000000E+00
     2.000000000000E+00 0.000000000000E+00-9.313225746155E-09 2.980000000000E+02
     1.792380000000E+05 4.000000000000E+00
G03 2024 12 03 03 59 44 6.153546273708E-04 9.094947017729E-12 0.000000000000E+00
     2.800000000000E+01-1.311562500000E+02 3.819801967227E-09 6.314371639724E-01
    -6.863847374916E-06 5.651984130964E-03 6.046146154404E-06 5.153621889114E+03
     1.871840000000E+05-5.774199962616E-08-3.070724369710E-01 2.235174179077E-08
     9.875369933482E-01 2.774062500000E+02 1.155225539118E+00-7.798181968437E-09
    -2.439387324559E-10 1.000000000000E+00 2.343000000000E+03 0.000000000000E+00
     2.000000000000E+00 0.000000000000E+00 1.396983861923E-09 2.800000000000E+01
     1.800180000000E+05 4.000000000000E+00
G02 2024 12 03 04 00 00-3.008502535522E-04 8.753886504564E-12 0.000000000000E+00
     2.000000000000E+01 4.900000000000E+01 4.576619205989E-09-2.170024357585E+00
     2.993270754814E-06 1.646544400137E-02-1.527369022369E-07 5.153682109833E+03
     1.872000000000E+05-1.862645149231E-08-1.445544690910E+00 3.576278686523E-07
     9.663947301052E-01 3.853750000000E+02-1.087759620869E+00-8.148196547949E-09
     1.182192100189E-10 1.000000000000E+00 2.343000000000E+03 0.000000000000E+00
     2.000000000000E+00 0.000000000000E+00-1.769512891769E-08 2.000000000000E+01
     1.800180000000E+05 4.000000000000E+00
G21 2024 12 03 03 59 44 9.595276787877E-05-1.023181539495E-12 0.000000000000E+00
     1.600000000000E+01 5.268750000000E+01 4.608763402066E-09-2.489361829512E+00
     3.058463335037E-06 2.566819719505E-02 1.490116119385E-07 5.153632202148E+03
     1.871840000000E+05-4.302710294724E-07-1.453869983612E+00 3.315508365631E-07
     9.606363378337E-01 3.827500000000E+02-4.849800375252E-01-8.106051935314E-09
     1.010756387775E-10 1.000000000000E+00 2.343000000000E+03 0.000000000000E+00
     2.000000000000E+00 0.000000000000E+00-1.024454832077E-08 1.600000000000E+01
     1.800180000000E+05 4.000000000000E+00
G17 2024 12 03 04 00 00 5.349046550691E-04-1.546140993014E-11 0.000000000000E+00
     2.600000000000E+01 1.392187500000E+02 4.148744240422E-09-2.352784021458E+00
     7.452443242073E-06 1.349344267510E-02 6.541609764099E-06 5.153595058441E+03
     1.872000000000E+05 9.313225746155E-08-2.348261903220E+00 1.899898052216E-07
     9.662413358300E-01 2.545625000000E+02-1.261381027983E+00-7.673533919203E-09
     1.957224383395E-10 1.000000000000E+00 2.343000000000E+03 0.000000000000E+00
     2.000000000000E+00 0.000000000000E+00-1.117587089539E-08 2.600000000000E+01
     1.800180000000E+05 4.000000000000E+00
G32 2024 12 03 04 00 00-5.649733357131E-04 5.798028723802E-12 0.000000000000E+00
     7.900000000000E+01-4.531250000000E+01 4.184817171576E-09-1.618369084163E+00
    -2.359971404076E-06 8.108184556477E-03 9.899958968163E-06 5.153759002686E+03
     1.872000000000E+05 2.477318048477E-07 7.234538875354E-01 5.587935447693E-09
     9.634210462851E-01 1.917812500000E+02-2.126930031333E+00-7.545671450361E-09
     4.725196823414E-10 1.000000000000E+00 2.343000000000E+03 0.000000000000E+00
     2.000000000000E+00 0.000000000000E+00 9.313225746155E-10 7.900000000000E+01
     1.800180000000E+05 4.000000000000E+00
G14 2024 12 03 04 00 00 5.523785948753E-04 7.844391802792E-12 0.000000000000E+00
     1.810000000000E+02 1.803125000000E+01 4.771270171125E-09 3.315399803024E-01
     9.778887033463E-07 5.049252882600E-03 9.542331099510E-06 5.153700693130E+03
     1.872000000000E+05 5.215406417847E-08 2.849769306022E+00 9.313225746155E-08
     9.448538246115E-01 1.878750000000E+02-2.860271856775E+00-8.009619347081E-09
    -4.782342060886E-10 1.000000000000E+00 2.343000000000E+03 0.000000000000E+00
     2.000000000000E+00 0.000000000000E+00-7.916241884232E-09 9.490000000000E+02
     1.800180000000E+05 4.000000000000E+00
G08 2024 12 03 04 00 00 4.291404038668E-04 9.436007530894E-12 0.000000000000E+00
     4.300000000000E+01 1.397500000000E+02 4.512330813833E-09-2.299777961475E+00
     6.934627890587E-06 1.007392595056E-02 8.372589945793E-06 5.153723848343E+03
     1.872000000000E+05 1.117587089539E-08-2.445936643856E+00-1.769512891769E-07
     9.505192733087E-01 2.146562500000E+02 3.831640903338E-01-7.910329496975E-09
     1.885792836555E-10 1.000000000000E+00 2.343000000000E+03 0.000000000000E+00
     2.000000000000E+00 0.000000000000E+00 4.656612873077E-09 4.300000000000E+01
     1.800180000000E+05 4.000000000000E+00
G22 2024 12 03 04 00 00-8.377712219954E-05-2.614797267597E-12 0.000000000000E+00
     9.100000000000E+01 3.643750000000E+01 4.278392497935E-09-1.829176786292E+00
     2.119690179825E-06 1.368403038941E-02 1.008808612823E-05 5.153685356140E+03
     1.872000000000E+05-2.123415470123E-07 2.918084843204E+00 3.408640623093E-07
     9.603093829575E-01 1.875625000000E+02-1.083013367488E+00-7.707463903951E-09
    -4.693052627337E-10 1.000000000000E+00 2.343000000000E+03 0.000000000000E+00
     2.000000000000E+00 0.000000000000E+00-1.117587089539E-08 9.100000000000E+01
     1.800180000000E+05 4.000000000000E+00
G19 2024 12 03 03 59 44 5.696741864085E-04 4.320099833421E-12 0.000000000000E+00
     2.300000000000E+01 1.264062500000E+02 4.312679640418E-09-4.874307369096E-01
     6.634742021561E-06 9.963126154616E-03 6.364658474922E-06 5.153599742889E+03
     1.871840000000E+05 3.539025783539E-08-2.304042906030E+00-1.583248376846E-07
     9.654205612529E-01 2.603125000000E+02 2.688686844794E+00-8.058192798932E-09
     2.203663219990E-10 1.000000000000E+00 2.343000000000E+03 0.000000000000E+00
     2.000000000000E+00 0.000000000000E+00-1.536682248116E-08 2.300000000000E+01
     1.800180000000E+05 4.000000000000E+00
G04 2024 12 03 04 00 00 4.895869642496E-04 6.252776074689E-12 0.000000000000E+00
     1.170000000000E+02-3.171875000000E+01 4.155173079637E-09-2.617924477645E+00
    -1.698732376099E-06 3.191119525582E-03 9.795650839806E-06 5.153687303543E+03
     1.872000000000E+05 9.313225746155E-09 7.690513222116E-01-1.117587089539E-08
     9.663106591291E-01 1.940937500000E+02-2.990585038534E+00-7.595673533148E-09
     5.100212444320E-10 1.000000000000E+00 2.343000000000E+03 0.000000000000E+00
     2.000000000000E+00 0.000000000000E+00-4.656612873077E-09 3.730000000000E+02
     1.800180000000E+05 4.000000000000E+00
G28 2024 12 03 04 00 00-4.971176385880E-04-1.114131009672E-11 0.000000000000E+00
     4.300000000000E+01-1.656250000000E+00 4.717339353262E-09-1.339992730362E-02
     5.215406417847E-08 4.827142693102E-04 5.431473255157E-06 5.153758235931E+03
     1.872000000000E+05-5.401670932770E-08 1.750111849949E+00 9.313225746155E-09
     9.609022948776E-01 2.743750000000E+02 1.423801497493E+00-7.919258440330E-09
     1.392915163365E-10 1.000000000000E+00 2.343000000000E+03 0.000000000000E+00
     2.000000000000E+00 0.000000000000E+00-9.313225746155E-09 2.990000000000E+02
     1.800180000000E+05 4.000000000000E+00
G31 2024 12 03 04 00 00-2.206885255873E-04 6.821210263297E-13 0.000000000000E+00
     6.000000000000E+00-2.500000000000E-01 4.926276627767E-09 1.418075163608E-01
     1.601874828339E-07 1.072707842104E-02 5.437061190605E-06 5.153585241318E+03
     1.872000000000E+05 1.862645149231E-09 1.803353438281E+00 2.272427082062E-07
     9.537789956493E-01 2.710937500000E+02 7.802960215470E-01-8.181055059495E-09
     1.103617398666E-10 1.000000000000E+00 2.343000000000E+03 0.000000000000E+00
     2.000000000000E+00 0.000000000000E+00-1.303851604462E-08 6.000000000000E+00
     1.814880000000E+05 4.000000000000E+00
G09 2024 12 03 04 00 00 4.705293104053E-04 1.659827830736E-11 0.000000000000E+00
     4.100000000000E+01-3.437500000000E+01 4.313751113620E-09-1.759497960141E+00
    -1.845881342888E-06 3.166386508383E-03 9.790062904358E-06 5.153558143616E+03
     1.872000000000E+05-1.117587089539E-08 7.080859140948E-01 4.284083843231E-08
     9.601236581928E-01 1.908437500000E+02 2.027419449929E+00-7.741751046434E-09
     4.521616914922E-10 1.000000000000E+00 2.343000000000E+03 0.000000000000E+00
     2.000000000000E+00 0.000000000000E+00 4.656612873077E-10 4.100000000000E+01
     1.824120000000E+05 4.000000000000E+00
G06 2024 12 03 04 00 00-1.488672569394E-05-2.944489096990E-11 0.000000000000E+00
     7.600000000000E+01 8.812500000000E+00 4.158030341511E-09 2.064823447636E+00
     6.277114152908E-07 3.334660665132E-03-9.313225746155E-08 5.153743286133E+03
     1.872000000000E+05 1.210719347000E-07-1.342930669241E+00-3.166496753693E-08
     9.891281508263E-01 3.930625000000E+02-7.578328983478E-01-8.142839181937E-09
    -7.750322832055E-11 1.000000000000E+00 2.343000000000E+03 0.000000000000E+00
     2.000000000000E+00 0.000000000000E+00 3.725290298462E-09 7.600000000000E+01
     1.826880000000E+05 4.000000000000E+00
G12 2024 12 03 03 59 44-5.559581331909E-04-2.387423592154E-12 0.000000000000E+00
     2.300000000000E+01 3.481250000000E+01 4.355538568521E-09 4.920381520497E-01
     1.624226570129E-06 8.884497801773E-03 9.765848517418E-06 5.153785966873E+03
     1.871840000000E+05-8.381903171539E-08 2.897162465326E+00-3.166496753693E-08
     9.615643925823E-01 1.920000000000E+02 1.458339433874E+00-7.857112994580E-09
    -5.153786104449E-10 1.000000000000E+00 2.343000000000E+03 0.000000000000E+00
     2.000000000000E+00 0.000000000000E+00-1.257285475731E-08 2.300000000000E+01
     1.832580000000E+05 4.000000000000E+00
G03 2024 12 03 06 00 00 6.154207512736E-04 9.094947017729E-12 0.000000000000E+00
     3.300000000000E+01-1.434375000000E+02 3.731226849146E-09 1.683682862664E+00
    -7.543712854385E-06 5.652336985804E-03 5.858018994331E-06 5.153625041962E+03
     1.944000000000E+05-7.636845111847E-08-3.071289070718E-01-1.136213541031E-07
     9.875357191466E-01 2.815937500000E+02 1.155520640416E+00-7.701749380204E-09
    -1.896507568581E-10 1.000000000000E+00 2.343000000000E+03 0.000000000000E+00
     2.000000000000E+00 0.000000000000E+00 1.396983861923E-09 3.300000000000E+01
     1.872180000000E+05 4.000000000000E+00
G04 2024 12 03 06 00 00 4.896321333945E-04 6.252776074689E-12 0.000000000000E+00
     1.180000000000E+02-3.953125000000E+01 4.175531070486E-09-1.567972270236E+00
    -2.115964889526E-06 3.191848751158E-03 9.670853614807E-06 5.153685480118E+03
     1.944000000000E+05-3.725290298462E-09 7.689967363493E-01-2.421438694000E-08
     9.663143017951E-01 1.963125000000E+02-2.990366336670E+00-7.589959009401E-09
     4.946634618616E-10 1.000000000000E+00 2.343000000000E+03 0.000000000000E+00
     2.000000000000E+00 0.000000000000E+00-4.656612873077E-09 3.740000000000E+02
     1.872180000000E+05 4.000000000000E+00
G19 2024 12 03 06 00 00 5.697049200535E-04 4.320099833421E-12 0.000000000000E+00
     2.400000000000E+01 1.275625000000E+02 4.360895934534E-09 5.651835264368E-01
     6.670132279396E-06 9.961951989681E-03 6.847083568573E-06 5.153597457886E+03
     1.944000000000E+05 1.434236764908E-07-2.304101046783E+00-1.173466444016E-07
     9.654220943911E-01 2.490312500000E+02 2.688631243666E+00-8.044977962767E-09
     1.953652806053E-10 1.000000000000E+00 2.343000000000E+03 0.000000000000E+00
     2.000000000000E+00 0.000000000000E+00-1.536682248116E-08 2.400000000000E+01
     1.872180000000E+05 4.000000000000E+00
G09 2024 12 03 06 00 00 4.706489853561E-04 1.659827830736E-11 0.000000000000E+00
     4.200000000000E+01-4.625000000000E+01 4.364110354142E-09-7.097332373867E-01
    -2.469867467880E-06 3.165760776028E-03 9.717419743538E-06 5.153555007935E+03
     1.944000000000E+05-2.607703208923E-08 7.080300847521E-01 2.048909664154E-08
     9.601268956305E-01 1.922187500000E+02 2.027905854099E+00-7.752108620726E-09
     4.521616914922E-10 1.000000000000E+00 2.343000000000E+03 0.000000000000E+00
     2.000000000000E+00 0.000000000000E+00 4.656612873077E-10 4.200000000000E+01
     1.872180000000E+05 4.000000000000E+00
G17 2024 12 03 06 00 00 5.347938276827E-04-1.546140993014E-11 0.000000000000E+00
     2.700000000000E+01 1.350000000000E+02 4.288035756758E-09-1.302720668848E+00
     7.212162017822E-06 1.349383220077E-02 7.856637239456E-06 5.153590841293E+03
     1.944000000000E+05-2.700835466385E-07-2.348318471336E+00 1.415610313416E-07
     9.662411836866E-01 2.387500000000E+02-1.261216527234E+00-8.021762710044E-09
     2.107230631757E-10 1.000000000000E+00 2.343000000000E+03 0.000000000000E+00
     2.800000000000E+00 0.000000000000E+00-1.117587089539E-08 2.700000000000E+01
     1.872180000000E+05 4.000000000000E+00
G06 2024 12 03 06 00 00-1.509860157967E-05-2.944489096990E-11 0.000000000000E+00
     7.700000000000E+01 1.634375000000E+01 4.180531278765E-09 3.114948999135E+00
     9.685754776001E-07 3.335393383168E-03 7.450580596924E-09 5.153742145538E+03
     1.944000000000E+05-2.793967723846E-08-1.342990049086E+00 1.247972249985E-07
     9.891283746528E-01 3.937187500000E+02-7.578222395267E-01-8.089622679541E-09
     9.428964182777E-11 1.000000000000E+00 2.343000000000E+03 0.000000000000E+00
     2.000000000000E+00 0.000000000000E+00 3.725290298462E-09 7.700000000000E+01
     1.872180000000E+05 4.000000000000E+00
G31 2024 12 03 06 00 00-2.206834033132E-04 6.821210263297E-13 0.000000000000E+00
     3.000000000000E+01-8.125000000000E-01 4.975921552820E-09 1.192049991587E+00
     1.210719347000E-07 1.072697434574E-02 5.720183253288E-06 5.153585027695E+03
     1.944000000000E+05-1.490116119385E-07 1.803295878306E+00 1.862645149231E-09
     9.537790307593E-01 2.717500000000E+02 7.802910095897E-01-8.129981503505E-09
    -1.021471119801E-10 1.000000000000E+00 2.343000000000E+03 0.000000000000E+00
     2.000000000000E+00 0.000000000000E+00-1.303851604462E-08 3.000000000000E+01
     1.872180000000E+05 4.000000000000E+00
G02 2024 12 03 06 00 00-3.007873892784E-04 8.753886504564E-12 0.000000000000E+00
     2.100000000000E+01 4.275000000000E+01 4.763412700973E-09-1.119950861100E+00
     2.257525920868E-06 1.646580058150E-02 8.288770914078E-07 5.153678804398E+03
     1.944000000000E+05-3.185123205185E-07-1.445606407035E+00-7.450580596924E-08
     9.663939489070E-01 3.743437500000E+02-1.087654274675E+00-8.640002747937E-09
     2.621537768999E-10 1.000000000000E+00 2.343000000000E+03 0.000000000000E+00
     2.000000000000E+00 0.000000000000E+00-1.769512891769E-08 2.100000000000E+01
     1.872180000000E+05 4.000000000000E+00
G28 2024 12 03 06 00 00-4.971977323294E-04-1.114131009672E-11 0.000000000000E+00
     4.400000000000E+01 3.750000000000E-01 4.818772149774E-09 1.037173423419E+00
     1.862645149231E-09 4.823104245588E-04 5.485489964485E-06 5.153757371902E+03
     1.944000000000E+05 6.705522537231E-08 1.750055252574E+00-4.470348358154E-08
     9.609027995843E-01 2.769062500000E+02 1.423359112529E+00-7.969260523117E-09
     3.750156209059E-11 1.000000000000E+00 2.343000000000E+03 0.000000000000E+00
     2.000000000000E+00 0.000000000000E+00-9.313225746155E-09 3.000000000000E+02
     1.872180000000E+05 4.000000000000E+00
G21 2024 12 03 06 00 00 9.594578295946E-05-1.023181539495E-12 0.000000000000E+00
     4.300000000000E+01 3.518750000000E+01 4.895561062626E-09-1.436908013169E+00
     1.695007085800E-06 2.566925890278E-02 5.476176738739E-07 5.153627513885E+03
     1.944000000000E+05-2.738088369370E-07-1.453933187525E+00-3.818422555923E-07
     9.606360423242E-01 3.770625000000E+02-4.848891098520E-01-8.676789994560E-09
     4.371610666560E-10 1.000000000000E+00 2.343000000000E+03 0.000000000000E+00
     2.000000000000E+00 0.000000000000E+00-1.024454832077E-08 4.300000000000E+01
     1.872180000000E+05 4.000000000000E+00
G25 2024 12 03 06 00 00 4.984945990145E-04-3.410605131648E-13 0.000000000000E+00
     2.100000000000E+01 1.653125000000E+01 4.617692345421E-09 1.346543822349E+00
     7.692724466324E-07 1.215829444118E-02 9.508803486824E-06 5.153701984406E+03
     1.944000000000E+05-2.067536115646E-07 2.808451856161E+00-3.166496753693E-08
     9.495659817603E-01 1.915000000000E+02 1.100079847336E+00-8.013190924423E-09
    -5.689522705744E-10 1.000000000000E+00 2.343000000000E+03 0.000000000000E+00
     2.000000000000E+00 0.000000000000E+00 5.587935447693E-09 2.100000000000E+01
     1.872420000000E+05 4.000000000000E+00
G11 2024 12 03 06 00 00-7.520238868892E-04-7.958078640513E-13 0.000000000000E+00
     3.200000000000E+01 3.562500000000E+00 4.647693595094E-09-2.153355166789E+00
     2.961605787277E-07 1.761630875990E-03-1.117587089539E-08 5.153582679749E+03
     1.944000000000E+05 1.043081283569E-07-1.314134033860E+00 2.421438694000E-08
     9.658031304227E-01 3.814687500000E+02-2.381918653821E+00-8.402135696963E-09
     5.035924052165E-11 1.000000000000E+00 2.343000000000E+03 0.000000000000E+00
     2.000000000000E+00 0.000000000000E+00-8.847564458847E-09 8.000000000000E+02
     1.887480000000E+05 4.000000000000E+00
G07 2024 12 03 06 00 00-1.707440242171E-05 1.591615728103E-12 0.000000000000E+00
     6.000000000000E+00-4.687500000000E-01 4.950563353692E-09 2.266732761832E+00
    -3.427267074585E-07 1.887290354352E-02 5.370005965233E-06 5.153575201035E+03
     1.944000000000E+05 5.029141902924E-08 1.780969046407E+00-4.041939973831E-07
     9.498516062749E-01 2.688437500000E+02-2.091497435698E+00-7.860327414187E-09
     1.228622605635E-10 1.000000000000E+00 2.343000000000E+03 0.000000000000E+00
     2.000000000000E+00 0.000000000000E+00-1.071020960808E-08 6.000000000000E+00
     1.893420000000E+05 4.000000000000E+00
G11 2024 12 03 06 59 44-7.520271465182E-04-7.958078640513E-13 0.000000000000E+00
     3.300000000000E+01 8.531250000000E+00 4.656622538449E-09-1.630994312957E+00
     5.401670932770E-07 1.761847874150E-03-1.918524503708E-07 5.153581249237E+03
     1.979840000000E+05 2.048909664154E-08-1.314164349912E+00 5.215406417847E-08
     9.658034595793E-01 3.850625000000E+02-2.381494246657E+00-8.374634551430E-09
     1.003613233091E-10 1.000000000000E+00 2.343000000000E+03 0.000000000000E+00
     2.000000000000E+00 0.000000000000E+00-8.847564458847E-09 8.010000000000E+02
     1.908180000000E+05 4.000000000000E+00
G28 2024 12 03 06 59 44-4.972382448614E-04-1.114131009672E-11 0.000000000000E+00
     4.500000000000E+01 3.750000000000E-01 4.861273920143E-09 1.559887279384E+00
    -4.470348358154E-08 4.823096096516E-04 5.438923835754E-06 5.153757392883E+03
     1.979840000000E+05 4.656612873077E-08 1.750026760782E+00 2.793967723846E-08
     9.609026927913E-01 2.770000000000E+02 1.423377485317E+00-8.020334079107E-09
     1.821504444400E-11 1.000000000000E+00 2.343000000000E+03 0.000000000000E+00
     2.000000000000E+00 0.000000000000E+00-9.313225746155E-09 3.010000000000E+02
     1.908180000000E+05 4.000000000000E+00
G26 2024 12 03 06 00 00 4.971399903297E-06-1.364242052659E-11 0.000000000000E+00
     6.300000000000E+01 1.403125000000E+01 5.118070331030E-09 5.791022791001E-01
     8.475035429001E-07 9.666468016803E-03 8.475035429001E-06 5.153735528946E+03
     1.944000000000E+05-3.725290298462E-08 2.742468267451E+00 1.750886440277E-07
     9.302769621581E-01 1.995625000000E+02 5.877446417406E-01-8.188912529648E-09
    -6.003821511836E-10 1.000000000000E+00 2.343000000000E+03 0.000000000000E+00
     2.000000000000E+00 0.000000000000E+00 6.519258022308E-09 6.300000000000E+01
     1.910520000000E+05 4.000000000000E+00
G20 2024 12 03 06 00 00 3.682170063257E-04-3.410605131648E-13 0.000000000000E+00
     6.000000000000E+01-1.279062500000E+02 4.561618581152E-09-2.873474846047E+00
    -6.567686796188E-06 3.860017633997E-03 4.276633262634E-06 5.153655977249E+03
     1.944000000000E+05-5.587935447693E-09-4.929989717746E-01-1.657754182816E-07
     9.565971888326E-01 2.909062500000E+02-2.429485031403E+00-8.151410967557E-09
    -2.475103097979E-10 1.000000000000E+00 2.343000000000E+03 0.000000000000E+00
     2.000000000000E+00 0.000000000000E+00-8.381903171539E-09 6.000000000000E+01
     1.918380000000E+05 4.000000000000E+00
G30 2024 12 03 06 00 00-2.693533897400E-04 7.958078640513E-12 0.000000000000E+00
     6.100000000000E+01 1.718750000000E+00 5.422368720565E-09 2.095912422982E+00
    -2.980232238770E-08 7.169475778937E-03 5.325302481651E-06 5.153759492874E+03
     1.944000000000E+05-1.769512891769E-07 1.778748257765E+00-8.754432201385E-08
     9.350170434872E-01 2.653125000000E+02-2.461527024732E+00-8.313203421148E-09
     7.714607058635E-11 1.000000000000E+00 2.343000000000E+03 0.000000000000E+00
     2.000000000000E+00 0.000000000000E+00 3.725290298462E-09 6.100000000000E+01
     1.932780000000E+05 4.000000000000E+00
G16 2024 12 03 06 00 00-1.129074953496E-04 9.663381206337E-12 0.000000000000E+00
     1.100000000000E+02 3.312500000000E+01 4.362681723205E-09-2.574599855904E-01
     1.894310116768E-06 1.432203094009E-02 9.475275874138E-06 5.153657379150E+03
     1.944000000000E+05 3.352761268616E-08 2.914732513760E+00 1.657754182816E-07
     9.609492179749E-01 1.983437500000E+02 8.568106981533E-01-7.949974005471E-09
    -4.889489381144E-10 1.000000000000E+00 2.343000000000E+03 0.000000000000E+00
     2.000000000000E+00 0.000000000000E+00-1.024454832077E-08 1.100000000000E+02
     1.940160000000E+05 4.000000000000E+00
G09 2024 12 03 08 00 00 4.707686603069E-04 1.659827830736E-11 0.000000000000E+00
     4.300000000000E+01-5.350000000000E+01 4.321608583773E-09 3.405260687119E-01
    -2.842396497726E-06 3.167020389810E-03 1.001544296741E-05 5.153557357788E+03
     2.016000000000E+05-4.284083843231E-08 7.079742656499E-01 5.587935447693E-09
     9.601301389199E-01 1.862187500000E+02 2.027898308367E+00-7.745322623776E-09
     4.532331646948E-10 1.000000000000E+00 2.343000000000E+03 0.000000000000E+00
     2.000000000000E+00 0.000000000000E+00 4.656612873077E-10 4.300000000000E+01
     1.944180000000E+05 4.000000000000E+00
G06 2024 12 03 08 00 00-1.531047746539E-05-2.944489096990E-11 0.000000000000E+00
     7.900000000000E+01 2.468750000000E+01 4.186960117981E-09-2.118161121890E+00
     1.424923539162E-06 3.336505731568E-03 3.762543201447E-07 5.153740116119E+03
     2.016000000000E+05-1.117587089539E-07-1.343048337594E+00 7.078051567078E-08
     9.891290154109E-01 3.896875000000E+02-7.577596910013E-01-8.114266563201E-09
     1.117903708034E-10 1.000000000000E+00 2.343000000000E+03 0.000000000000E+00
     2.000000000000E+00 0.000000000000E+00 3.725290298462E-09 7.900000000000E+01
     1.944180000000E+05 4.000000000000E+00
G04 2024 12 03 08 00 00 4.896773025393E-04 6.252776074689E-12 0.000000000000E+00
     1.190000000000E+02-4.484375000000E+01 4.196603376804E-09-5.175333719251E-01
    -2.451241016388E-06 3.192087286152E-03 9.892508387566E-06 5.153687101364E+03
     2.016000000000E+05 5.587935447693E-08 7.689422441138E-01 3.166496753693E-08
     9.663175289924E-01 1.917187500000E+02-2.990634932818E+00-7.644961300467E-09
     4.471614832135E-10 1.000000000000E+00 2.343000000000E+03 0.000000000000E+00
     2.000000000000E+00 0.000000000000E+00-4.656612873077E-09 3.750000000000E+02
     1.944180000000E+05 4.000000000000E+00
G11 2024 12 03 08 00 00-7.520304061472E-04-7.958078640513E-13 0.000000000000E+00
     3.400000000000E+01 1.771875000000E+01 4.689481049995E-09-1.104230529211E+00
     1.018866896629E-06 1.761612715200E-03-2.421438694000E-08 5.153578979492E+03
     2.016000000000E+05 1.490116119385E-08-1.314194636705E+00 5.029141902924E-08
     9.658038340863E-01 3.819062500000E+02-2.380804531985E+00-8.373205920493E-09
     1.021471119801E-10 1.000000000000E+00 2.343000000000E+03 0.000000000000E+00
     2.000000000000E+00 0.000000000000E+00-8.847564458847E-09 8.020000000000E+02
     1.944180000000E+05 4.000000000000E+00
G07 2024 12 03 08 00 00-1.706276088953E-05 1.591615728103E-12 0.000000000000E+00
     9.800000000000E+01-2.218750000000E+00 4.948420407287E-09-2.966204746562E+00
    -1.993030309677E-07 1.887313299812E-02 5.293637514114E-06 5.153574760437E+03
     2.016000000000E+05 1.657754182816E-07 1.780913437965E+00-2.067536115646E-07
     9.498527458881E-01 2.688125000000E+02-2.091501196860E+00-7.744251150574E-09
     1.032185851827E-10 1.000000000000E+00 2.343000000000E+03 0.000000000000E+00
     2.000000000000E+00 0.000000000000E+00-1.071020960808E-08 9.800000000000E+01
     1.944180000000E+05 4.000000000000E+00
G20 2024 12 03 08 00 00 3.682146780193E-04-3.410605131648E-13 0.000000000000E+00
     8.700000000000E+01-1.272500000000E+02 4.672337478753E-09-1.823694246243E+00
    -6.495043635368E-06 3.861338365823E-03 3.641471266747E-06 5.153652093887E+03
     2.016000000000E+05 8.940696716309E-08-4.930585900751E-01 0.000000000000E+00
     9.565959629073E-01 3.058437500000E+02-2.429071745343E+00-8.179983586293E-09
    -9.928985010651E-11 1.000000000000E+00 2.343000000000E+03 0.000000000000E+00
     2.000000000000E+00 0.000000000000E+00-8.381903171539E-09 8.700000000000E+01
     1.944180000000E+05 4.000000000000E+00
G03 2024 12 03 08 00 00 6.154864095151E-04 9.094947017729E-12 0.000000000000E+00
     3.400000000000E+01-1.515937500000E+02 3.800872607315E-09 2.734047460828E+00
    -7.841736078262E-06 5.653364351019E-03 6.007030606270E-06 5.153622552872E+03
     2.016000000000E+05-2.793967723846E-08-3.071841029709E-01-6.891787052155E-08
     9.875345297942E-01 2.747187500000E+02 1.155361612443E+00-7.652461612885E-09
    -2.021512775550E-10 1.000000000000E+00 2.343000000000E+03 0.000000000000E+00
     2.000000000000E+00 0.000000000000E+00 1.396983861923E-09 3.400000000000E+01
     1.944180000000E+05 4.000000000000E+00
G19 2024 12 03 08 00 00 5.697361193597E-04 4.320099833421E-12 0.000000000000E+00
     2.500000000000E+01 1.455937500000E+02 4.138386666130E-09 1.615176182068E+00
     7.478520274162E-06 9.962318930775E-03 7.113441824913E-06 5.153601699829E+03
     2.016000000000E+05 5.587935447693E-08-2.304157075082E+00 1.508742570877E-07
     9.654238908545E-01 2.426562500000E+02 2.688863256622E+00-7.811039646868E-09
     5.607376426879E-11 1.000000000000E+00 2.343000000000E+03 0.000000000000E+00
     2.000000000000E+00 0.000000000000E+00-1.536682248116E-08 2.500000000000E+01
     1.944180000000E+05 4.000000000000E+00
G26 2024 12 03 08 00 00 4.873145371675E-06-1.364242052659E-11 0.000000000000E+00
     6.700000000000E+01 1.118750000000E+01 5.113427280485E-09 1.629126637629E+00
     6.239861249924E-07 9.667013655417E-03 9.106472134590E-06 5.153738012314E+03
     2.016000000000E+05-1.173466444016E-07 2.742409626380E+00 6.705522537231E-08
     9.302723159303E-01 1.909062500000E+02 5.878668217328E-01-8.163197172786E-09
    -6.539558113130E-10 1.000000000000E+00 2.343000000000E+03 0.000000000000E+00
     2.000000000000E+00 0.000000000000E+00 6.519258022308E-09 6.700000000000E+01
     1.944180000000E+05 4.000000000000E+00
G16 2024 12 03 08 00 00-1.128376461565E-04 9.663381206337E-12 0.000000000000E+00
     1.110000000000E+02 3.509375000000E+01 4.309108063076E-09 7.927118965238E-01
     2.013519406319E-06 1.432255038526E-02 9.741634130478E-06 5.153658489227E+03
     2.016000000000E+05-1.862645149231E-07 2.914676583476E+00 7.636845111847E-08
     9.609453573341E-01 1.947812500000E+02 8.568275714504E-01-7.857112994580E-09
    -6.678849629467E-10 1.000000000000E+00 2.343000000000E+03 0.000000000000E+00
     2.800000000000E+00 0.000000000000E+00-1.024454832077E-08 1.110000000000E+02
     1.944180000000E+05 4.000000000000E+00
G30 2024 12 03 08 00 00-2.692956477404E-04 7.958078640513E-12 0.000000000000E+00
     8.700000000000E+01 6.562500000000E-01 5.380938423398E-09-3.137104786652E+00
    -6.519258022308E-08 7.169890333898E-03 5.327165126801E-06 5.153758596420E+03
     2.016000000000E+05 0.000000000000E+00 1.778689157337E+00-8.381903171539E-08
     9.350183089114E-01 2.620937500000E+02-2.461560114476E+00-8.154268229431E-09
     7.500312418118E-11 1.000000000000E+00 2.343000000000E+03 0.000000000000E+00
     2.000000000000E+00 0.000000000000E+00 3.725290298462E-09 8.700000000000E+01
     1.944180000000E+05 4.000000000000E+00
G31 2024 12 03 08 00 00-2.206782810390E-04 6.821210263297E-13 0.000000000000E+00
     3.200000000000E+01-4.312500000000E+00 5.003779856087E-09 2.242237282617E+00
    -4.991888999939E-07 1.072682708036E-02 5.494803190231E-06 5.153586093903E+03
     2.016000000000E+05-9.126961231232E-08 1.803237259178E+00-1.508742570877E-07
     9.537788683754E-01 2.737812500000E+02 7.803422907201E-01-8.010690820284E-09
    -6.000249934494E-11 1.000000000000E+00 2.343000000000E+03 0.000000000000E+00
     2.000000000000E+00 0.000000000000E+00-1.303851604462E-08 3.200000000000E+01
     1.944180000000E+05 4.000000000000E+00
G29 2024 12 03 08 00 00-5.590002983809E-04 3.069544618484E-12 0.000000000000E+00
     7.000000000000E+00 1.294062500000E+02 4.042311235631E-09-2.932728594661E-01
     6.686896085739E-06 2.865243819542E-03 6.698071956635E-06 5.153745784760E+03
     2.016000000000E+05 2.980232238770E-08-2.332873567422E+00-3.725290298462E-08
     9.687292957378E-01 2.518750000000E+02 2.664769285514E+00-7.892471610265E-09
     1.739358165535E-10 1.000000000000E+00 2.343000000000E+03 0.000000000000E+00
     2.000000000000E+00 0.000000000000E+00-9.778887033463E-09 7.000000000000E+00
     1.944720000000E+05 4.000000000000E+00
G05 2024 12 03 08 00 00-1.948615536094E-04-1.136868377216E-12 0.000000000000E+00
     8.400000000000E+01-1.307187500000E+02 4.210889686172E-09 1.177465706287E-01
    -6.664544343948E-06 5.654311855324E-03 5.537644028664E-06 5.153715032578E+03
     2.016000000000E+05-2.421438694000E-08-3.609734209976E-01-9.313225746155E-09
     9.743828011719E-01 2.799062500000E+02 1.335095726199E+00-8.041406385425E-09
    -1.678641350722E-10 1.000000000000E+00 2.343000000000E+03 0.000000000000E+00
     2.000000000000E+00 0.000000000000E+00-1.071020960808E-08 8.400000000000E+01
     1.961160000000E+05 4.000000000000E+00
G03 2024 12 03 07 59 44 6.154854781926E-04 9.094947017729E-12 0.000000000000E+00
     5.400000000000E+01-1.515937500000E+02 3.800872607315E-09 2.731713494992E+00
    -7.841736078262E-06 5.653367843479E-03 6.007030606270E-06 5.153622552872E+03
     2.015840000000E+05-2.793967723846E-08-3.071839844745E-01-6.891787052155E-08
     9.875345210167E-01 2.747187500000E+02 1.155361787993E+00-7.652461612885E-09
    -2.021512775550E-10 1.000000000000E+00 2.343000000000E+03 0.000000000000E+00
     2.000000000000E+00 0.000000000000E+00 1.396983861923E-09 5.400000000000E+01
     1.965480000000E+05 4.000000000000E+00
G16 2024 12 03 07 59 44-1.128376461565E-04 9.663381206337E-12 0.000000000000E+00
     2.700000000000E+01 3.509375000000E+01 4.309108063076E-09 7.903779935931E-01
     2.013519406319E-06 1.432255201507E-02 9.741634130478E-06 5.153658483505E+03
     2.015840000000E+05-1.862645149231E-07 2.914676720990E+00 7.636845111847E-08
     9.609453646487E-01 1.947812500000E+02 8.568277045760E-01-7.857112994580E-09
    -6.678849629467E-10 1.000000000000E+00 2.343000000000E+03 0.000000000000E+00
     2.000000000000E+00 0.000000000000E+00-1.071020960808E-08 2.700000000000E+01
     1.969560000000E+05 4.000000000000E+00
G29 2024 12 03 07 59 44-5.590002983809E-04 3.069544618484E-12 0.000000000000E+00
     8.000000000000E+01 1.294062500000E+02 4.042311235631E-09-2.956059168301E-01
     6.686896085739E-06 2.865243121050E-03 6.698071956635E-06 5.153745784760E+03
     2.015840000000E+05 2.980232238770E-08-2.332873438686E+00-3.725290298462E-08
     9.687292869603E-01 2.518750000000E+02 2.664768713513E+00-7.892471610265E-09
     1.739358165535E-10 1.000000000000E+00 2.343000000000E+03 0.000000000000E+00
     2.000000000000E+00 0.000000000000E+00-9.778887033463E-09 8.000000000000E+01
     1.971360000000E+05 4.000000000000E+00
G13 2024 12 03 08 00 00 6.885044276714E-04 1.477928890381E-12 0.000000000000E+00
     1.530000000000E+02-2.312500000000E+01 4.248391248262E-09-5.057477118165E-01
    -1.205131411552E-06 8.776892907917E-03 9.091570973396E-06 5.153688495636E+03
     2.016000000000E+05-5.587935447693E-09 8.767042788922E-01 1.061707735062E-07
     9.724946669350E-01 2.091250000000E+02 9.738553957976E-01-7.808896700463E-09
     4.228747572882E-10 1.000000000000E+00 2.343000000000E+03 0.000000000000E+00
     2.000000000000E+00 0.000000000000E+00-1.164153218269E-08 1.530000000000E+02
     1.988160000000E+05 4.000000000000E+00
G30 2024 12 03 07 59 44-2.692965790629E-04 7.958078640513E-12 0.000000000000E+00
     9.000000000000E+00 6.562500000000E-01 5.380938423398E-09-3.139438512570E+00
    -6.519258022308E-08 7.169894059189E-03 5.327165126801E-06 5.153758596420E+03
     2.015840000000E+05 0.000000000000E+00 1.778689277296E+00-8.381903171539E-08
     9.350183264664E-01 2.620937500000E+02-2.461559995980E+00-8.154268229431E-09
     7.536028191537E-11 1.000000000000E+00 2.343000000000E+03 0.000000000000E+00
     2.000000000000E+00 0.000000000000E+00 3.725290298462E-09 9.000000000000E+00
     1.996380000000E+05 4.000000000000E+00
G20 2024 12 03 10 00 00 3.682123497128E-04-3.410605131648E-13 0.000000000000E+00
     8.800000000000E+01-1.267187500000E+02 4.696981362413E-09-7.734851679734E-01
    -6.416812539101E-06 3.861636156216E-03 3.509223461151E-06 5.153652326584E+03
     2.088000000000E+05 5.587935447693E-08-4.931174491211E-01 9.685754776001E-08
     9.565948423120E-01 3.100312500000E+02-2.429085384128E+00-8.261415549690E-09
    -1.292910997790E-10 1.000000000000E+00 2.343000000000E+03 0.000000000000E+00
     2.000000000000E+00 0.000000000000E+00-8.381903171539E-09 8.800000000000E+01
     2.016180000000E+05 4.000000000000E+00
G30 2024 12 03 09 59 44-2.692393027246E-04 7.958078640513E-12 0.000000000000E+00
     1.000000000000E+01-9.062500000000E-01 5.398439152374E-09-2.089322739216E+00
    -1.396983861923E-07 7.170159136876E-03 5.237758159637E-06 5.153758031845E+03
     2.087840000000E+05 4.284083843231E-08 1.778630340716E+00-7.636845111847E-08
     9.350189394290E-01 2.635625000000E+02-2.461540198310E+00-8.170697485204E-09
     1.021471119801E-10 1.000000000000E+00 2.343000000000E+03 0.000000000000E+00
     2.000000000000E+00 0.000000000000E+00 3.725290298462E-09 1.000000000000E+01
     2.016180000000E+05 4.000000000000E+00
G07 2024 12 03 10 00 00-1.705111935735E-05 1.591615728103E-12 0.000000000000E+00
     9.900000000000E+01-9.375000000000E-01 4.976635868288E-09-1.915977336467E+00
    -6.705522537231E-08 1.887352217454E-02 5.073845386505E-06 5.153573818207E+03
     2.088000000000E+05 3.166496753693E-07 1.780857601307E+00-1.266598701477E-07
     9.498536528973E-01 2.723125000000E+02-2.091483764728E+00-7.792110286956E-09
     1.060758470562E-10 1.000000000000E+00 2.343000000000E+03 0.000000000000E+00
     2.000000000000E+00 0.000000000000E+00-1.071020960808E-08 9.900000000000E+01
     2.016180000000E+05 4.000000000000E+00
G05 2024 12 03 10 00 00-1.948699355125E-04-1.136868377216E-12 0.000000000000E+00
     8.600000000000E+01-1.341250000000E+02 4.249819879199E-09 1.167867306201E+00
    -6.951391696930E-06 5.653628031723E-03 5.263835191727E-06 5.153714214325E+03
     2.088000000000E+05-8.568167686462E-08-3.610314988454E-01-2.793967723846E-08
     9.743817976101E-01 2.881875000000E+02 1.335129722952E+00-8.007476400676E-09
    -1.260766801712E-10 1.000000000000E+00 2.343000000000E+03 0.000000000000E+00
     2.800000000000E+00 0.000000000000E+00-1.071020960808E-08 8.600000000000E+01
     2.016180000000E+05 4.000000000000E+00
G11 2024 12 03 10 00 00-7.520364597440E-04-7.958078640513E-13 0.000000000000E+00
     3.500000000000E+01 2.409375000000E+01 4.646979279625E-09-5.378737380859E-02
     1.231208443642E-06 1.762642408721E-03-1.378357410431E-07 5.153580972672E+03
     2.088000000000E+05-5.029141902924E-08-1.314255264418E+00 2.048909664154E-08
     9.658042802763E-01 3.876562500000E+02-2.381007988780E+00-8.443565994130E-09
     1.107188976008E-10 1.000000000000E+00 2.343000000000E+03 0.000000000000E+00
     2.000000000000E+00 0.000000000000E+00-8.847564458847E-09 8.030000000000E+02
     2.016180000000E+05 4.000000000000E+00
G09 2024 12 03 10 00 00 4.708883352578E-04 1.659827830736E-11 0.000000000000E+00
     4.400000000000E+01-5.212500000000E+01 4.379468136712E-09 1.391067181109E+00
    -2.831220626831E-06 3.166463924572E-03 1.024268567562E-05 5.153555362701E+03
     2.088000000000E+05-2.421438694000E-08 7.079185635811E-01-2.793967723846E-08
     9.601335855549E-01 1.782500000000E+02 2.027608410669E+00-7.712106954496E-09
     4.632335812523E-10 1.000000000000E+00 2.343000000000E+03 0.000000000000E+00
     2.000000000000E+00 0.000000000000E+00 4.656612873077E-10 4.400000000000E+01
     2.016180000000E+05 4.000000000000E+00
G13 2024 12 03 10 00 00 6.885151378810E-04 1.477928890381E-12 0.000000000000E+00
     1.540000000000E+02-3.215625000000E+01 4.332323315798E-09 5.444025512943E-01
    -1.501291990280E-06 8.775688125752E-03 9.128823876381E-06 5.153686201096E+03
     2.088000000000E+05-9.313225746155E-09 8.766479799529E-01 9.313225746155E-08
     9.724977068787E-01 2.097500000000E+02 9.738763462474E-01-7.815682697413E-09
     4.260891768959E-10 1.000000000000E+00 2.343000000000E+03 0.000000000000E+00
     2.000000000000E+00 0.000000000000E+00-1.164153218269E-08 1.540000000000E+02
     2.016180000000E+05 4.000000000000E+00
G06 2024 12 03 10 00 00-1.552235335112E-05-2.944489096990E-11 0.000000000000E+00
     8.200000000000E+01 2.703125000000E+01 4.132314984649E-09-1.067928873924E+00
     1.167878508568E-06 3.336268477142E-03 1.937150955200E-07 5.153740720749E+03
     2.088000000000E+05-6.891787052155E-08-1.343107552129E+00-4.842877388000E-08
     9.891297395554E-01 3.930937500000E+02-7.578544310390E-01-8.201770208079E-09
     1.671498196038E-10 1.000000000000E+00 2.343000000000E+03 0.000000000000E+00
     2.000000000000E+00 0.000000000000E+00 3.725290298462E-09 8.200000000000E+01
     2.016180000000E+05 4.000000000000E+00
G16 2024 12 03 09 59 44-1.127677969635E-04 9.663381206337E-12 0.000000000000E+00
     2.800000000000E+01 2.509375000000E+01 4.288392914492E-09 1.840462075753E+00
     1.149252057076E-06 1.432299031876E-02 1.005828380585E-05 5.153661422729E+03
     2.087840000000E+05-2.402812242508E-07 2.914619861753E+00-1.303851604462E-07
     9.609409700428E-01 1.902500000000E+02 8.569316273505E-01-7.743893992839E-09
    -6.096682522727E-10 1.000000000000E+00 2.343000000000E+03 0.000000000000E+00
     2.000000000000E+00 0.000000000000E+00-1.071020960808E-08 2.800000000000E+01
     2.016180000000E+05 4.000000000000E+00
G14 2024 12 03 10 00 00 5.525471642613E-04 7.844391802792E-12 0.000000000000E+00
     1.840000000000E+02 2.303125000000E+01 4.638764651739E-09-2.800849007998E+00
     1.182779669762E-06 5.048924707808E-03 9.406358003616E-06 5.153697742462E+03
     2.088000000000E+05-2.607703208923E-08 2.849598808771E+00-5.960464477539E-08
     9.448424665155E-01 1.898125000000E+02-2.860566817633E+00-7.797110495235E-09
    -5.603804849537E-10 1.000000000000E+00 2.343000000000E+03 0.000000000000E+00
     2.000000000000E+00 0.000000000000E+00-7.916241884232E-09 9.520000000000E+02
     2.018460000000E+05 4.000000000000E+00
G18 2024 12 03 10 00 00-6.605754606426E-04 1.136868377216E-13 0.000000000000E+00
     5.000000000000E+00 1.562500000000E+01 4.328751738457E-09-1.187998719384E+00
     7.394701242447E-07 4.798868554644E-03-5.215406417847E-08 5.153723594666E+03
     2.088000000000E+05 5.401670932770E-08-1.341728920075E+00-2.607703208923E-08
     9.740200340612E-01 3.837187500000E+02-2.941825576649E+00-8.261772707424E-09
     1.721500278825E-10 1.000000000000E+00 2.343000000000E+03 0.000000000000E+00
     2.000000000000E+00 0.000000000000E+00-8.381903171539E-09 2.610000000000E+02
     2.030280000000E+05 4.000000000000E+00
G15 2024 12 03 10 00 00 2.350900322199E-04 4.547473508865E-12 0.000000000000E+00
     7.500000000000E+01-5.981250000000E+01 5.051638992469E-09-1.652800676640E-01
    -2.956017851830E-06 1.612939289771E-02 9.791925549507E-06 5.153732284546E+03
     2.088000000000E+05-1.564621925354E-07 5.752005068842E-01 1.098960638046E-07
     9.374087521629E-01 1.804687500000E+02 1.381447001098E+00-8.350347825504E-09
     3.985880313628E-10 1.000000000000E+00 2.343000000000E+03 0.000000000000E+00
     2.000000000000E+00 0.000000000000E+00-1.024454832077E-08 7.500000000000E+01
     2.035080000000E+05 4.000000000000E+00
G22 2024 12 03 10 00 00-8.383439853787E-05-2.614797267597E-12 0.000000000000E+00
     1.200000000000E+01 2.443750000000E+01 4.361610250003E-09 1.321181738260E+00
     1.119449734688E-06 1.368153991643E-02 9.490177035332E-06 5.153677001953E+03
     2.088000000000E+05 2.924352884293E-07 2.917913817840E+00-2.812594175339E-07
     9.602994541325E-01 1.933125000000E+02-1.082843254985E+00-7.692106121381E-09
    -5.525230148013E-10 1.000000000000E+00 2.343000000000E+03 0.000000000000E+00
     2.000000000000E+00 0.000000000000E+00-1.117587089539E-08 1.200000000000E+01
     2.036580000000E+05 4.000000000000E+00
G27 2024 12 03 10 00 00-3.445427864790E-05 2.273736754432E-13 0.000000000000E+00
     3.400000000000E+01 1.348437500000E+02 4.239462304908E-09 9.199469304079E-01
     7.053837180138E-06 1.292946247850E-02 7.599592208862E-06 5.153692319870E+03
     2.088000000000E+05-1.434236764908E-07-2.418004913439E+00 9.313225746155E-08
     9.595514699703E-01 2.330000000000E+02 8.006987636089E-01-8.051049644248E-09
    -6.393123442110E-11 1.000000000000E+00 2.343000000000E+03 0.000000000000E+00
     2.000000000000E+00 0.000000000000E+00 1.862645149231E-09 3.400000000000E+01
     2.039280000000E+05 4.000000000000E+00
G08 2024 12 03 10 00 00 4.293462261558E-04 9.436007530894E-12 0.000000000000E+00
     8.100000000000E+01 1.354062500000E+02 4.402326231701E-09 8.506768011433E-01
     7.152557373047E-06 1.007496786769E-02 7.383525371552E-06 5.153724233627E+03
     2.088000000000E+05-4.656612873077E-08-2.446108484065E+00 1.825392246246E-07
     9.505210844013E-01 2.311250000000E+02 3.831584566363E-01-8.017476817234E-09
    -4.928776731906E-11 1.000000000000E+00 2.343000000000E+03 0.000000000000E+00
     2.000000000000E+00 0.000000000000E+00 4.656612873077E-09 8.100000000000E+01
     2.054160000000E+05 4.000000000000E+00
G05 2024 12 03 09 59 44-1.948699355125E-04-1.136868377216E-12 0.000000000000E+00
     1.600000000000E+01-1.341250000000E+02 4.249462721465E-09 1.165532774216E+00
    -6.951391696930E-06 5.653626169078E-03 5.263835191727E-06 5.153714212418E+03
     2.087840000000E+05-8.568167686462E-08-3.610313569423E-01-2.793967723846E-08
     9.743818019988E-01 2.881875000000E+02 1.335130581685E+00-8.007476400676E-09
    -1.260766801712E-10 1.000000000000E+00 2.343000000000E+03 0.000000000000E+00
     2.000000000000E+00 0.000000000000E+00-1.071020960808E-08 1.600000000000E+01
     2.085060000000E+05 4.000000000000E+00
G13 2024 12 03 12 00 00 6.885258480906E-04 1.477928890381E-12 0.000000000000E+00
     1.550000000000E+02-3.990625000000E+01 4.251605667870E-09 1.594427040023E+00
    -2.037733793259E-06 8.776559145190E-03 9.635463356972E-06 5.153689125061E+03
     2.160000000000E+05-2.607703208923E-07 8.765910490329E-01 2.421438694000E-08
     9.725016933305E-01 2.015625000000E+02 9.740230271916E-01-7.678176969747E-09
     5.953819429049E-10 1.000000000000E+00 2.343000000000E+03 0.000000000000E+00
     2.000000000000E+00 0.000000000000E+00-1.164153218269E-08 1.550000000000E+02
     2.088180000000E+05 4.000000000000E+00
G05 2024 12 03 11 59 44-1.948783174157E-04-1.136868377216E-12 0.000000000000E+00
     2.800000000000E+01-1.432812500000E+02 4.157316026042E-09 2.215504929976E+00
    -7.418915629387E-06 5.654029082507E-03 4.958361387253E-06 5.153716028214E+03
     2.159840000000E+05 4.842877388000E-08-3.610886287222E-01-7.264316082001E-08
     9.743815533028E-01 2.932812500000E+02 1.335311105776E+00-7.874256565821E-09
    -1.135761594744E-10 1.000000000000E+00 2.343000000000E+03 0.000000000000E+00
     2.000000000000E+00 0.000000000000E+00-1.071020960808E-08 2.800000000000E+01
     2.088180000000E+05 4.000000000000E+00
G14 2024 12 03 12 00 00 5.526035092771E-04 7.844391802792E-12 0.000000000000E+00
     1.850000000000E+02 2.181250000000E+01 4.671980321019E-09-1.750779016665E+00
     1.128762960434E-06 5.049131694250E-03 9.274110198021E-06 5.153696792603E+03
     2.160000000000E+05-2.048909664154E-08 2.849542666364E+00-9.126961231232E-08
     9.448384332504E-01 1.940625000000E+02-2.860469595023E+00-7.802110703513E-09
    -5.693094283086E-10 1.000000000000E+00 2.343000000000E+03 0.000000000000E+00
     2.000000000000E+00 0.000000000000E+00-7.916241884232E-09 9.530000000000E+02
     2.088180000000E+05 4.000000000000E+00
G15 2024 12 03 12 00 00 2.351226285100E-04 4.547473508865E-12 0.000000000000E+00
     7.900000000000E+01-7.390625000000E+01 5.030209528418E-09 8.847881374460E-01
    -3.753229975700E-06 1.613081654068E-02 1.044943928719E-05 5.153735742569E+03
     2.160000000000E+05-2.924352884293E-07 5.751403370636E-01 2.421438694000E-08
     9.374115521881E-01 1.724062500000E+02 1.381527647383E+00-8.298917111780E-09
     4.125171829965E-10 1.000000000000E+00 2.343000000000E+03 0.000000000000E+00
     2.000000000000E+00 0.000000000000E+00-1.024454832077E-08 7.900000000000E+01
     2.088180000000E+05 4.000000000000E+00
G30 2024 12 03 12 00 00-2.691815607250E-04 7.958078640513E-12 0.000000000000E+00
     3.000000000000E+01 3.125000000000E-01 5.484157008581E-09-1.036878491820E+00
    -5.029141902924E-08 7.170174038038E-03 5.194917321205E-06 5.153757686615E+03
     2.160000000000E+05 1.844018697739E-07 1.778571784494E+00 8.568167686462E-08
     9.350188428765E-01 2.641250000000E+02-2.461515258482E+00-8.318203629427E-09
    -1.357199389945E-11 1.000000000000E+00 2.343000000000E+03 0.000000000000E+00
     2.000000000000E+00 0.000000000000E+00 3.725290298462E-09 3.000000000000E+01
     2.088180000000E+05 4.000000000000E+00
G22 2024 12 03 12 00 00-8.385349065065E-05-2.614797267597E-12 0.000000000000E+00
     1.300000000000E+01 3.506250000000E+01 4.216961367653E-09 2.371255657528E+00
     1.894310116768E-06 1.368106366135E-02 9.512528777122E-06 5.153679777145E+03
     2.160000000000E+05 1.490116119385E-07 2.917860934814E+00 7.078051567078E-08
     9.602957280802E-01 1.923750000000E+02-1.082741571938E+00-7.416737508316E-09
    -7.257445158864E-10 1.000000000000E+00 2.343000000000E+03 0.000000000000E+00
     2.000000000000E+00 0.000000000000E+00-1.117587089539E-08 1.300000000000E+01
     2.088180000000E+05 4.000000000000E+00
G20 2024 12 03 12 00 00 3.682100214064E-04-3.410605131648E-13 0.000000000000E+00
     8.900000000000E+01-1.320937500000E+02 4.662337062196E-09 2.766840457782E-01
    -6.930902600288E-06 3.860851284117E-03 3.799796104431E-06 5.153650844574E+03
     2.160000000000E+05-1.490116119385E-08-4.931771186237E-01 9.126961231232E-08
     9.565937890110E-01 3.077500000000E+02-2.429059086712E+00-8.289273852957E-09
    -1.357199389945E-10 1.000000000000E+00 2.343000000000E+03 0.000000000000E+00
     2.000000000000E+00 0.000000000000E+00-8.381903171539E-09 8.900000000000E+01
     2.088180000000E+05 4.000000000000E+00
G07 2024 12 03 12 00 00-1.703994348645E-05 1.591615728103E-12 0.000000000000E+00
     1.060000000000E+02 1.125000000000E+00 5.289506043444E-09-8.657465748256E-01
     2.272427082062E-07 1.887350459583E-02 5.295500159264E-06 5.153573244095E+03
     2.160000000000E+05-2.048909664154E-08 1.780800835697E+00 4.433095455170E-07
     9.498510752356E-01 2.715000000000E+02-2.091468914647E+00-8.427851053825E-09
    -7.321733551020E-11 1.000000000000E+00 2.343000000000E+03 0.000000000000E+00
     2.000000000000E+00 0.000000000000E+00-1.071020960808E-08 1.060000000000E+02
     2.088180000000E+05 4.000000000000E+00
G18 2024 12 03 12 00 00-6.605745293200E-04 1.136868377216E-13 0.000000000000E+00
     6.000000000000E+00 2.909375000000E+01 4.385182660460E-09-1.381407999702E-01
     1.588836312294E-06 4.797554924153E-03 2.831220626831E-07 5.153719989777E+03
     2.160000000000E+05 4.097819328308E-08-1.341788438897E+00 6.705522537231E-08
     9.740207830752E-01 3.791875000000E+02-2.941532940368E+00-8.347133405897E-09
     1.364342544629E-10 1.000000000000E+00 2.343000000000E+03 0.000000000000E+00
     2.000000000000E+00 0.000000000000E+00-8.381903171539E-09 2.620000000000E+02
     2.088180000000E+05 4.000000000000E+00
G08 2024 12 03 12 00 00 4.294146783650E-04 9.436007530894E-12 0.000000000000E+00
     8.900000000000E+01 1.298750000000E+02 4.364467511876E-09 1.900641943675E+00
     6.781890988350E-06 1.007528870832E-02 8.115544915199E-06 5.153727773666E+03
     2.160000000000E+05-1.247972249985E-07-2.446166098168E+00 8.754432201385E-08
     9.505205445846E-01 2.190312500000E+02 3.833412687311E-01-7.988189883030E-09
    -7.071723137082E-11 1.000000000000E+00 2.343000000000E+03 0.000000000000E+00
     2.000000000000E+00 0.000000000000E+00 4.656612873077E-09 8.900000000000E+01
     2.088180000000E+05 4.000000000000E+00
G23 2024 12 03 12 00 00 3.759386017919E-04 7.844391802792E-12 0.000000000000E+00
     1.200000000000E+01-1.301250000000E+02 3.949450224740E-09-1.257753808918E+00
    -6.798654794693E-06 4.951289854944E-03 5.127862095833E-06 5.153628036499E+03
     2.160000000000E+05 7.078051567078E-08-3.397208815269E-01-8.381903171539E-08
     9.822643791170E-01 2.901562500000E+02-2.890190901423E+00-7.799967757108E-09
    -3.392998474863E-11 1.000000000000E+00 2.343000000000E+03 0.000000000000E+00
     2.000000000000E+00 0.000000000000E+00-8.381903171539E-09 5.240000000000E+02
     2.090580000000E+05 4.000000000000E+00
G24 2024 12 03 12 00 00-4.762928001583E-04 2.728484105319E-12 0.000000000000E+00
     9.600000000000E+01 3.718750000000E+00 5.688094074807E-09 4.898625075968E-03
     3.594905138016E-07 1.635598926805E-02 5.533918738365E-06 5.153680236816E+03
     2.160000000000E+05-8.381903171539E-08 1.680376961851E+00 2.011656761169E-07
     9.335965105335E-01 2.576875000000E+02 1.036351977363E+00-8.676789994560E-09
     1.153619481453E-10 1.000000000000E+00 2.343000000000E+03 0.000000000000E+00
     2.000000000000E+00 0.000000000000E+00 2.328306436539E-09 9.600000000000E+01
     2.091480000000E+05 4.000000000000E+00
G17 2024 12 03 11 59 44 5.344604142010E-04-1.546140993014E-11 0.000000000000E+00
     4.200000000000E+01 1.463750000000E+02 3.909805716245E-09 1.845557243873E+00
     7.517635822296E-06 1.349356083665E-02 6.882473826408E-06 5.153592346191E+03
     2.159840000000E+05 2.924352884293E-07-2.348490870380E+00-5.587935447693E-08
     9.662463682682E-01 2.436250000000E+02-1.261141445889E+00-7.626746256023E-09
     7.071723137082E-11 1.000000000000E+00 2.343000000000E+03 0.000000000000E+00
     2.000000000000E+00 0.000000000000E+00-1.071020960808E-08 4.200000000000E+01
     2.114520000000E+05 4.000000000000E+00
G19 2024 12 03 12 00 00 5.697975866497E-04 4.320099833421E-12 0.000000000000E+00
     2.700000000000E+01 1.586250000000E+02 3.936949704043E-09-2.567551746276E+00
     8.353963494301E-06 9.962244075723E-03 6.891787052155E-06 5.153603130341E+03
     2.160000000000E+05-1.359730958939E-07-2.304269453523E+00 8.195638656616E-08
     9.654255044531E-01 2.497500000000E+02 2.688848545518E+00-7.735322207219E-09
     1.453631978178E-10 1.000000000000E+00 2.343000000000E+03 0.000000000000E+00
     2.000000000000E+00 0.000000000000E+00-1.536682248116E-08 2.700000000000E+01
     2.138280000000E+05 4.000000000000E+00
G12 2024 12 03 12 00 00-5.560275167227E-04-2.387423592154E-12 0.000000000000E+00
     1.130000000000E+02 2.587500000000E+01 4.414826752398E-09-1.588477444359E+00
     1.339241862297E-06 8.887599571608E-03 9.521842002869E-06 5.153782714844E+03
     2.160000000000E+05 7.823109626770E-08 2.896943342141E+00 1.937150955200E-07
     9.615492162701E-01 1.961875000000E+02 1.458444449448E+00-7.710678323559E-09
    -6.835999032513E-10 1.000000000000E+00 2.343000000000E+03 0.000000000000E+00
     2.000000000000E+00 0.000000000000E+00-1.257285475731E-08 1.130000000000E+02
     2.143080000000E+05 4.000000000000E+00
G10 2024 12 03 11 59 44-2.196072600782E-04-1.500666257925E-11 0.000000000000E+00
     4.500000000000E+01-1.387812500000E+02 3.763728202958E-09-2.429331678090E+00
    -7.387250661850E-06 1.003814162686E-02 5.891546607018E-06 5.153690864563E+03
     2.159840000000E+05 1.341104507446E-07-3.098261842242E-01-1.098960638046E-07
     9.871610175502E-01 2.788437500000E+02-2.351729215099E+00-7.617460154934E-09
     2.821546100149E-11 1.000000000000E+00 2.343000000000E+03 0.000000000000E+00
     2.000000000000E+00 0.000000000000E+00 2.328306436539E-09 4.500000000000E+01
     2.143680000000E+05 4.000000000000E+00
G21 2024 12 03 12 00 00 9.592436254025E-05-1.023181539495E-12 0.000000000000E+00
     1.060000000000E+02 5.743750000000E+01 4.515545233441E-09 1.713569209630E+00
     2.890825271606E-06 2.567126112990E-02-3.855675458908E-07 5.153636072159E+03
     2.160000000000E+05 2.291053533554E-07-1.454116583324E+00 2.942979335785E-07
     9.606418808303E-01 3.824687500000E+02-4.847374125618E-01-8.207841889560E-09
    -1.892935991239E-10 1.000000000000E+00 2.343000000000E+03 0.000000000000E+00
     2.000000000000E+00 0.000000000000E+00-1.024454832077E-08 1.060000000000E+02
     2.158260000000E+05 4.000000000000E+00
G15 2024 12 03 14 00 00 2.351556904614E-04 4.547473508865E-12 0.000000000000E+00
     8.800000000000E+01-8.115625000000E+01 4.848059083978E-09 1.934957270737E+00
    -4.313886165619E-06 1.613150781486E-02 1.050904393196E-05 5.153735244751E+03
     2.232000000000E+05 5.774199962616E-08 5.750812834495E-01-3.669410943985E-07
     9.374170790926E-01 1.641562500000E+02 1.381504288970E+00-7.806753754058E-09
     5.346651280915E-10 1.000000000000E+00 2.343000000000E+03 0.000000000000E+00
     2.000000000000E+00 0.000000000000E+00-1.024454832077E-08 8.800000000000E+01
     2.160180000000E+05 4.000000000000E+00
G24 2024 12 03 14 00 00-4.762732423842E-04 2.728484105319E-12 0.000000000000E+00
     1.010000000000E+02 3.343750000000E+00 5.714880904872E-09 1.055068747300E+00
     2.738088369370E-07 1.635635271668E-02 5.953013896942E-06 5.153681077957E+03
     2.232000000000E+05-2.272427082062E-07 1.680314770278E+00 1.434236764908E-07
     9.335970839973E-01 2.545937500000E+02 1.036366931311E+00-8.633573908722E-09
     8.428922527028E-11 1.000000000000E+00 2.343000000000E+03 0.000000000000E+00
     2.000000000000E+00 0.000000000000E+00 2.328306436539E-09 1.010000000000E+02
     2.160180000000E+05 4.000000000000E+00
G13 2024 12 03 14 00 00 6.885365583003E-04 1.477928890381E-12 0.000000000000E+00
     1.560000000000E+02-3.675000000000E+01 4.204818004690E-09 2.644769455961E+00
    -1.933425664902E-06 8.777326438576E-03 1.012533903122E-05 5.153685968399E+03
     2.232000000000E+05-4.470348358154E-08 8.765365187615E-01-1.080334186554E-07
     9.725071514778E-01 1.895625000000E+02 9.738512074632E-01-7.454239070406E-09
     6.282404544509E-10 1.000000000000E+00 2.343000000000E+03 0.000000000000E+00
     2.000000000000E+00 0.000000000000E+00-1.164153218269E-08 1.560000000000E+02
     2.160180000000E+05 4.000000000000E+00
G22 2024 12 03 14 00 00-8.387258276343E-05-2.614797267597E-12 0.000000000000E+00
     1.400000000000E+01 3.268750000000E+01 4.247319775060E-09-2.861766359256E+00
     1.667067408562E-06 1.368039322551E-02 9.933486580849E-06 5.153681070328E+03
     2.232000000000E+05 1.080334186554E-07 2.917807318867E+00 1.341104507446E-07
     9.602907307520E-01 1.882187500000E+02-1.082729970998E+00-7.405665618556E-09
    -6.757424330990E-10 1.000000000000E+00 2.343000000000E+03 0.000000000000E+00
     2.000000000000E+00 0.000000000000E+00-1.117587089539E-08 1.400000000000E+01
     2.160180000000E+05 4.000000000000E+00
G23 2024 12 03 14 00 00 3.759944811463E-04 7.844391802792E-12 0.000000000000E+00
     1.300000000000E+01-1.363437500000E+02 3.946950120601E-09-2.074037009566E-01
    -6.994232535362E-06 4.952253540978E-03 4.913657903671E-06 5.153630304337E+03
     2.232000000000E+05 7.823109626770E-08-3.397770780620E-01 7.450580596924E-08
     9.822633565372E-01 2.964062500000E+02-2.890337076198E+00-7.930330330090E-09
    -9.750406143553E-11 1.000000000000E+00 2.343000000000E+03 0.000000000000E+00
     2.000000000000E+00 0.000000000000E+00-8.381903171539E-09 5.250000000000E+02
     2.160180000000E+05 4.000000000000E+00
G14 2024 12 03 14 00 00 5.526598542929E-04 7.844391802792E-12 0.000000000000E+00
     1.860000000000E+02 1.350000000000E+01 4.775556063936E-09-7.004331877395E-01
     5.289912223816E-07 5.049723084085E-03 9.277835488319E-06 5.153698770523E+03
     2.232000000000E+05 1.806765794754E-07 2.849487006720E+00 2.793967723846E-08
     9.448333759426E-01 1.953437500000E+02-2.860648053474E+00-7.952831267344E-09
    -7.161012570631E-10 1.000000000000E+00 2.343000000000E+03 0.000000000000E+00
     2.000000000000E+00 0.000000000000E+00-7.916241884232E-09 9.540000000000E+02
     2.160180000000E+05 4.000000000000E+00
G17 2024 12 03 14 00 00 5.343486554921E-04-1.546140993014E-11 0.000000000000E+00
     4.300000000000E+01 1.454687500000E+02 3.950164540209E-09 2.898127539216E+00
     7.692724466324E-06 1.349384244531E-02 7.018446922302E-06 5.153591810226E+03
     2.232000000000E+05 1.341104507446E-07-2.348544882778E+00 4.656612873077E-08
     9.662466754810E-01 2.462187500000E+02-1.261151915994E+00-7.536028191537E-09
    -1.107188976008E-11 1.000000000000E+00 2.343000000000E+03 0.000000000000E+00
     2.000000000000E+00 0.000000000000E+00-1.071020960808E-08 4.300000000000E+01
     2.160180000000E+05 4.000000000000E+00
G19 2024 12 03 14 00 00 5.698287859559E-04 4.320099833421E-12 0.000000000000E+00
     3.000000000000E+01 1.351562500000E+02 4.063740699683E-09-1.517627691262E+00
     7.072463631630E-06 9.963142336346E-03 6.953254342079E-06 5.153597425461E+03
     2.232000000000E+05-1.378357410431E-07-2.304326097711E+00-7.450580596924E-08
     9.654263192985E-01 2.513750000000E+02 2.689146013817E+00-7.854255732706E-09
     2.035799084918E-10 1.000000000000E+00 2.343000000000E+03 0.000000000000E+00
     2.000000000000E+00 0.000000000000E+00-1.536682248116E-08 3.000000000000E+01
     2.160180000000E+05 4.000000000000E+00
G12 2024 12 03 14 00 00-5.560447461903E-04-2.387423592154E-12 0.000000000000E+00
     1.660000000000E+02 2.859375000000E+01 4.489115561111E-09-5.382852393866E-01
     1.452863216400E-06 8.887871867046E-03 9.328126907349E-06 5.153784128189E+03
     2.232000000000E+05-8.009374141693E-08 2.896886626270E+00 5.029141902924E-08
     9.615436293860E-01 2.009687500000E+02 1.458365741530E+00-7.904257815494E-09
    -6.403838174136E-10 1.000000000000E+00 2.343000000000E+03 0.000000000000E+00
     2.000000000000E+00 0.000000000000E+00-1.257285475731E-08 1.660000000000E+02
     2.160180000000E+05 4.000000000000E+00
G10 2024 12 03 14 00 00-2.197157591581E-04-1.500666257925E-11 0.000000000000E+00
     4.600000000000E+01-1.311250000000E+02 3.782657562871E-09-1.376991785029E+00
    -6.746500730515E-06 1.003897073679E-02 5.099922418594E-06 5.153687496185E+03
     2.232000000000E+05 2.849847078323E-07-3.098808212886E-01 1.862645149231E-08
     9.871608961280E-01 2.897187500000E+02-2.351569405928E+00-7.709249692622E-09
    -4.357324357192E-11 1.000000000000E+00 2.343000000000E+03 0.000000000000E+00
     2.000000000000E+00 0.000000000000E+00 2.328306436539E-09 4.600000000000E+01
     2.160180000000E+05 4.000000000000E+00
G05 2024 12 03 14 00 00-1.948866993189E-04-1.136868377216E-12 0.000000000000E+00
     3.900000000000E+01-1.435625000000E+02 4.085527321469E-09-3.015129500635E+00
    -7.620081305504E-06 5.653544678353E-03 5.211681127548E-06 5.153716598511E+03
     2.232000000000E+05 7.823109626770E-08-3.611453767774E-01-1.676380634308E-08
     9.743807574753E-01 2.850937500000E+02 1.335246623273E+00-7.863541833795E-09
    -1.007184810433E-10 1.000000000000E+00 2.343000000000E+03 0.000000000000E+00
     2.000000000000E+00 0.000000000000E+00-1.071020960808E-08 3.900000000000E+01
     2.160180000000E+05 4.000000000000E+00
G21 2024 12 03 14 00 00 9.591691195965E-05-1.023181539495E-12 0.000000000000E+00
     1.130000000000E+02 6.290625000000E+01 4.465543150654E-09 2.763768287391E+00
     3.218650817871E-06 2.567164879292E-02-2.384185791016E-07 5.153635786057E+03
     2.232000000000E+05-1.396983861923E-07-1.454176941861E+00 4.861503839493E-07
     9.606415823950E-01 3.812812500000E+02-4.847321460567E-01-8.089265521807E-09
     8.821796034643E-11 1.000000000000E+00 2.343000000000E+03 0.000000000000E+00
     2.000000000000E+00 0.000000000000E+00-1.024454832077E-08 1.130000000000E+02
     2.160180000000E+05 4.000000000000E+00
G02 2024 12 03 14 00 00-3.005350008607E-04 8.753886504564E-12 0.000000000000E+00
     1.050000000000E+02 5.015625000000E+01 4.360895934534E-09 3.080477918110E+00
     2.525746822357E-06 1.646561035886E-02-2.477318048477E-07 5.153687553406E+03
     2.232000000000E+05 1.806765794754E-07-1.445848471701E+00 2.533197402954E-07
     9.663998912802E-01 3.835312500000E+02-1.087376785448E+00-8.076407843376E-09
     1.292910997790E-10 1.000000000000E+00 2.343000000000E+03 0.000000000000E+00
     2.000000000000E+00 0.000000000000E+00-1.769512891769E-08 1.050000000000E+02
     2.165880000000E+05 4.000000000000E+00
G32 2024 12 03 13 59 44-5.647656507790E-04 5.798028723802E-12 0.000000000000E+00
     2.800000000000E+01-5.650000000000E+01 4.322680056975E-09-2.653466559533E+00
    -2.918764948845E-06 8.111169678159E-03 9.786337614059E-06 5.153760417938E+03
     2.231840000000E+05 1.769512891769E-07 7.231748154310E-01-7.078051567078E-08
     9.634372159186E-01 1.906250000000E+02-2.126719309687E+00-7.579958592843E-09
     5.728810056505E-10 1.000000000000E+00 2.343000000000E+03 0.000000000000E+00
     2.000000000000E+00 0.000000000000E+00 9.313225746155E-10 2.800000000000E+01
     2.194260000000E+05 4.000000000000E+00
G25 2024 12 03 14 00 00 4.984838888049E-04-3.410605131648E-13 0.000000000000E+00
     2.700000000000E+01 1.437500000000E+01 4.878774649119E-09-7.360628984199E-01
     7.580965757370E-07 1.216138526797E-02 8.620321750641E-06 5.153696401596E+03
     2.232000000000E+05-5.401670932770E-08 2.808228467108E+00 1.955777406693E-07
     9.495487983246E-01 2.068437500000E+02 1.100164436185E+00-8.128552872569E-09
    -7.000291590243E-10 1.000000000000E+00 2.343000000000E+03 0.000000000000E+00
     2.000000000000E+00 0.000000000000E+00 5.587935447693E-09 2.700000000000E+01
     2.195280000000E+05 4.000000000000E+00
G06 2024 12 03 13 59 44-1.594657078385E-05-2.944489096990E-11 0.000000000000E+00
     2.300000000000E+01 1.859375000000E+01 3.941949912322E-09 1.030049179146E+00
     1.030042767525E-06 3.336997237056E-03 1.490116119385E-08 5.153741783142E+03
     2.231840000000E+05 1.024454832077E-07-1.343225257055E+00-1.005828380585E-07
     9.891320143930E-01 3.915000000000E+02-7.578940951369E-01-8.121766875619E-09
     1.210764718925E-10 1.000000000000E+00 2.343000000000E+03 0.000000000000E+00
     2.000000000000E+00 0.000000000000E+00 3.725290298462E-09 2.300000000000E+01
     2.229180000000E+05 4.000000000000E+00
G24 2024 12 03 16 00 00-4.762532189488E-04 2.728484105319E-12 0.000000000000E+00
     1.020000000000E+02 2.500000000000E+00 5.546659612065E-09 2.105242784292E+00
    -1.359730958939E-07 1.635635178536E-02 5.694106221199E-06 5.153681400299E+03
     2.304000000000E+05-1.117587089539E-07 1.680252694275E+00-3.445893526077E-07
     9.336001853837E-01 2.553750000000E+02 1.036378106542E+00-8.182483690432E-09
     2.667968274445E-10 1.000000000000E+00 2.343000000000E+03 0.000000000000E+00
     2.000000000000E+00 0.000000000000E+00 2.328306436539E-09 1.020000000000E+02
     2.232180000000E+05 4.000000000000E+00
G12 2024 12 03 16 00 00-5.560619756579E-04-2.387423592154E-12 0.000000000000E+00
     1.670000000000E+02 2.684375000000E+01 4.485901141503E-09 5.118100911504E-01
     1.361593604088E-06 8.888236945495E-03 9.525567293167E-06 5.153784830093E+03
     2.304000000000E+05-9.685754776001E-08 2.896829933806E+00-3.725290298462E-09
     9.615388909943E-01 1.980000000000E+02 1.458383458931E+00-7.899614764949E-09
    -6.810997991119E-10 1.000000000000E+00 2.343000000000E+03 0.000000000000E+00
     2.000000000000E+00 0.000000000000E+00-1.257285475731E-08 1.670000000000E+02
     2.232180000000E+05 4.000000000000E+00
G19 2024 12 03 16 00 00 5.698595196009E-04 4.320099833421E-12 0.000000000000E+00
     3.100000000000E+01 1.242812500000E+02 4.119100148483E-09-4.673779936094E-01
     6.491318345070E-06 9.964088210836E-03 7.249414920807E-06 5.153598785400E+03
     2.304000000000E+05 7.450580596924E-08-2.304381712005E+00-2.793967723846E-07
     9.654270756271E-01 2.484375000000E+02 2.689120535636E+00-7.923901490874E-09
    -8.571785620706E-12 1.000000000000E+00 2.343000000000E+03 0.000000000000E+00
     2.000000000000E+00 0.000000000000E+00-1.536682248116E-08 3.100000000000E+01
     2.232180000000E+05 4.000000000000E+00
G25 2024 12 03 16 00 00 4.984810948372E-04-3.410605131648E-13 0.000000000000E+00
     2.800000000000E+01 1.796875000000E+01 4.904132848246E-09 3.141160729953E-01
     1.039355993271E-06 1.216190471314E-02 8.691102266312E-06 5.153697431564E+03
     2.304000000000E+05-1.061707735062E-07 2.808169692911E+00 9.685754776001E-08
     9.495437059067E-01 2.061562500000E+02 1.100154922828E+00-8.158554122241E-09
    -7.114582065186E-10 1.000000000000E+00 2.343000000000E+03 0.000000000000E+00
     2.000000000000E+00 0.000000000000E+00 5.587935447693E-09 2.800000000000E+01
     2.232180000000E+05 4.000000000000E+00
G32 2024 12 03 16 00 00-5.647237412632E-04 5.798028723802E-12 0.000000000000E+00
     2.900000000000E+01-5.971875000000E+01 4.276963866998E-09-1.600941324992E+00
    -2.970919013023E-06 8.110749651678E-03 9.912997484207E-06 5.153761672974E+03
     2.304000000000E+05 1.620501279831E-07 7.231199779468E-01 6.146728992462E-08
     9.634416441716E-01 1.866875000000E+02-2.126785022504E+00-7.591744798072E-09
     6.189543533618E-10 1.000000000000E+00 2.343000000000E+03 0.000000000000E+00
     2.000000000000E+00 0.000000000000E+00 9.313225746155E-10 2.900000000000E+01
     2.232180000000E+05 4.000000000000E+00
G15 2024 12 03 16 00 00 2.351887524128E-04 4.547473508865E-12 0.000000000000E+00
     8.900000000000E+01-6.956250000000E+01 4.716267880059E-09 2.985076228864E+00
    -3.786757588387E-06 1.613004575484E-02 1.072883605957E-05 5.153737819672E+03
     2.304000000000E+05 1.732259988785E-07 5.750262162872E-01-1.564621925354E-07
     9.374212118362E-01 1.568750000000E+02 1.381530192861E+00-7.672819603734E-09
     5.064496670900E-10 1.000000000000E+00 2.343000000000E+03 0.000000000000E+00
     2.000000000000E+00 0.000000000000E+00-1.024454832077E-08 8.900000000000E+01
     2.232180000000E+05 4.000000000000E+00
G10 2024 12 03 16 00 00-2.198242582381E-04-1.500666257925E-11 0.000000000000E+00
     4.900000000000E+01-1.332812500000E+02 3.829445226050E-09-3.267965722975E-01
    -6.778165698051E-06 1.003904221579E-02 5.364418029785E-06 5.153687980652E+03
     2.304000000000E+05 2.048909664154E-08-3.099371348572E-01 1.732259988785E-07
     9.871592561968E-01 2.913750000000E+02-2.351597697300E+00-7.972474942725E-09
    -7.857470152314E-11 1.000000000000E+00 2.343000000000E+03 0.000000000000E+00
     2.000000000000E+00 0.000000000000E+00 2.328306436539E-09 4.900000000000E+01
     2.232180000000E+05 4.000000000000E+00
G17 2024 12 03 16 00 00 5.342373624444E-04-1.546140993014E-11 0.000000000000E+00
     6.600000000000E+01 1.348437500000E+02 3.986951786831E-09-2.334795151281E+00
     7.059425115585E-06 1.349239074625E-02 7.355585694313E-06 5.153594650269E+03
     2.304000000000E+05 1.918524503708E-07-2.348598918583E+00 1.769512891769E-07
     9.662463112144E-01 2.430000000000E+02-1.261188488946E+00-7.611031315719E-09
    -5.500229106620E-11 1.000000000000E+00 2.343000000000E+03 0.000000000000E+00
     2.000000000000E+00 0.000000000000E+00-1.071020960808E-08 6.600000000000E+01
     2.232180000000E+05 4.000000000000E+00
G23 2024 12 03 16 00 00 3.760508261621E-04 7.844391802792E-12 0.000000000000E+00
     1.400000000000E+01-1.399375000000E+02 3.912662978118E-09 8.428288834803E-01
    -7.258728146553E-06 4.951707087457E-03 5.088746547699E-06 5.153629247665E+03
     2.304000000000E+05-1.117587089539E-08-3.398338290430E-01 1.322478055954E-07
     9.822627026128E-01 2.941875000000E+02-2.890366221915E+00-7.884256982379E-09
    -1.446488823494E-10 1.000000000000E+00 2.343000000000E+03 0.000000000000E+00
     2.000000000000E+00 0.000000000000E+00-8.381903171539E-09 5.260000000000E+02
     2.232180000000E+05 4.000000000000E+00
G06 2024 12 03 15 59 44-1.615844666958E-05-2.944489096990E-11 0.000000000000E+00
     2.400000000000E+01 2.731250000000E+01 3.859446475723E-09 2.079809779397E+00
     1.551583409309E-06 3.336768946610E-03 2.533197402954E-07 5.153744134903E+03
     2.303840000000E+05 2.048909664154E-08-1.343282653183E+00 4.097819328308E-08
     9.891329711414E-01 3.875625000000E+02-7.575206560388E-01-8.004976296537E-09
     3.714440435639E-11 1.000000000000E+00 2.343000000000E+03 0.000000000000E+00
     2.000000000000E+00 0.000000000000E+00 3.725290298462E-09 2.400000000000E+01
     2.232180000000E+05 4.000000000000E+00
G22 2024 12 03 16 00 00-8.389167487621E-05-2.614797267597E-12 0.000000000000E+00
     2.600000000000E+01 2.587500000000E+01 4.416612541069E-09-1.811523057481E+00
     1.316890120506E-06 1.367931137793E-02 9.588897228241E-06 5.153683753967E+03
     2.304000000000E+05-2.719461917877E-07 2.917753417650E+00 3.241002559662E-07
     9.602839925514E-01 1.959062500000E+02-1.082799620528E+00-7.786038605475E-09
    -7.257445158864E-10 1.000000000000E+00 2.343000000000E+03 0.000000000000E+00
     2.000000000000E+00 0.000000000000E+00-1.117587089539E-08 2.600000000000E+01
     2.232180000000E+05 4.000000000000E+00
G28 2024 12 03 16 00 00-4.975995980203E-04-1.114131009672E-11 0.000000000000E+00
     5.000000000000E+01-1.031250000000E+00 4.984850496175E-09 3.513604458586E-03
     1.229345798492E-07 4.809306701645E-04 5.686655640602E-06 5.153758647919E+03
     2.304000000000E+05 6.705522537231E-08 1.749765476298E+00-3.166496753693E-08
     9.609050422377E-01 2.685625000000E+02 1.424492435165E+00-8.041763543159E-09
     1.678641350722E-10 1.000000000000E+00 2.343000000000E+03 0.000000000000E+00
     2.000000000000E+00 0.000000000000E+00-9.313225746155E-09 3.060000000000E+02
     2.249820000000E+05 4.000000000000E+00
G29 2024 12 03 16 00 00-5.589118227363E-04 3.069544618484E-12 0.000000000000E+00
     1.780000000000E+02 1.501562500000E+02 4.016595878769E-09-2.375946387315E+00
     7.655471563339E-06 2.863276866265E-03 7.325783371925E-06 5.153746328354E+03
     2.304000000000E+05-4.097819328308E-08-2.333096858460E+00 2.235174179077E-08
     9.687315691125E-01 2.429687500000E+02 2.664792567855E+00-7.790324498285E-09
    -3.107272287506E-11 1.000000000000E+00 2.343000000000E+03 0.000000000000E+00
     2.000000000000E+00 0.000000000000E+00-9.778887033463E-09 1.780000000000E+02
     2.251380000000E+05 4.000000000000E+00
G11 2024 12 03 16 00 00-7.520541548729E-04-7.958078640513E-13 0.000000000000E+00
     3.800000000000E+01 1.540625000000E+01 4.385896975928E-09 3.096900624765E+00
     9.015202522278E-07 1.763107487932E-03-1.564621925354E-07 5.153580156326E+03
     2.304000000000E+05 4.842877388000E-08-1.314436717462E+00-7.450580596924E-09
     9.658072002608E-01 3.840000000000E+02-2.380983193781E+00-8.275344701323E-09
     9.250385315679E-11 1.000000000000E+00 2.343000000000E+03 0.000000000000E+00
     2.000000000000E+00 0.000000000000E+00-8.847564458847E-09 8.060000000000E+02
     2.253180000000E+05 4.000000000000E+00
G03 2024 12 03 15 59 44 6.157504394650E-04 9.094947017729E-12 0.000000000000E+00
     3.200000000000E+01-1.260000000000E+02 3.765156833895E-09 6.493641614924E-01
    -6.815418601036E-06 5.652807536535E-03 5.215406417847E-06 5.153620878220E+03
     2.303840000000E+05-6.519258022308E-08-3.074079148078E-01-1.303851604462E-08
     9.875315878659E-01 2.930625000000E+02 1.155354632861E+00-7.828897533578E-09
    -1.085759511956E-10 1.000000000000E+00 2.343000000000E+03 0.000000000000E+00
     2.000000000000E+00 0.000000000000E+00 1.396983861923E-09 3.200000000000E+01
     2.270460000000E+05 4.000000000000E+00
G31 2024 12 03 16 00 00-2.206582576036E-04 6.821210263297E-13 0.000000000000E+00
     4.400000000000E+01 3.750000000000E-01 5.182001565451E-09 1.599185592156E-01
     1.937150955200E-07 1.072503998876E-02 5.604699254036E-06 5.153585355759E+03
     2.304000000000E+05-5.587935447693E-09 1.803003239099E+00 1.341104507446E-07
     9.537795939828E-01 2.673125000000E+02 7.804281376788E-01-8.273916070386E-09
     8.678932940965E-11 1.000000000000E+00 2.343000000000E+03 0.000000000000E+00
     2.000000000000E+00 0.000000000000E+00-1.303851604462E-08 4.400000000000E+01
     2.298060000000E+05 4.000000000000E+00
G25 2024 12 03 18 00 00 4.984787665308E-04-3.410605131648E-13 0.000000000000E+00
     2.900000000000E+01 1.028125000000E+01 4.863416866548E-09 1.364190017133E+00
     4.600733518600E-07 1.216285768896E-02 9.199604392052E-06 5.153700286865E+03
     2.376000000000E+05-2.775341272354E-07 2.808110557373E+00-5.587935447693E-09
     9.495389441084E-01 1.990937500000E+02 1.100249583869E+00-8.064978795882E-09
    -6.250260348431E-10 1.000000000000E+00 2.343000000000E+03 0.000000000000E+00
     2.000000000000E+00 0.000000000000E+00 5.587935447693E-09 2.900000000000E+01
     2.304180000000E+05 4.000000000000E+00
G12 2024 12 03 18 00 00-5.560792051256E-04-2.387423592154E-12 0.000000000000E+00
     1.680000000000E+02 1.787500000000E+01 4.436970531918E-09 1.561809552277E+00
     6.500631570816E-07 8.888985728845E-03 9.369105100632E-06 5.153787191391E+03
     2.376000000000E+05-6.891787052155E-08 2.896772953147E+00-1.788139343262E-07
     9.615347377699E-01 1.985000000000E+02 1.458495960257E+00-7.756394513536E-09
    -6.178828801592E-10 1.000000000000E+00 2.343000000000E+03 0.000000000000E+00
     2.000000000000E+00 0.000000000000E+00-1.257285475731E-08 1.680000000000E+02
     2.304180000000E+05 4.000000000000E+00
G29 2024 12 03 18 00 00-5.588894709945E-04 3.069544618484E-12 0.000000000000E+00
     1.790000000000E+02 1.352187500000E+02 4.107671100989E-09-1.326533225719E+00
     6.962567567825E-06 2.863681991585E-03 7.154420018196E-06 5.153742385864E+03
     2.376000000000E+05-3.911554813385E-08-2.333153142771E+00-1.303851604462E-08
     9.687313262681E-01 2.465000000000E+02 2.665513647491E+00-7.811753962337E-09
    -2.071514858337E-11 1.000000000000E+00 2.343000000000E+03 0.000000000000E+00
     2.000000000000E+00 0.000000000000E+00-9.778887033463E-09 1.790000000000E+02
     2.304180000000E+05 4.000000000000E+00
G28 2024 12 03 18 00 00-4.976796917617E-04-1.114131009672E-11 0.000000000000E+00
     5.100000000000E+01-1.250000000000E-01 5.003779856087E-09 1.053822926263E+00
     8.381903171539E-08 4.808499943465E-04 5.783513188362E-06 5.153758434296E+03
     2.376000000000E+05-1.676380634308E-08 1.749707258010E+00 2.980232238770E-08
     9.609066616880E-01 2.688125000000E+02 1.424315796584E+00-8.009262189347E-09
     2.471531520637E-10 1.000000000000E+00 2.343000000000E+03 0.000000000000E+00
     2.000000000000E+00 0.000000000000E+00-9.313225746155E-09 3.070000000000E+02
     2.304180000000E+05 4.000000000000E+00
G32 2024 12 03 18 00 00-5.646822974086E-04 5.798028723802E-12 0.000000000000E+00
     4.800000000000E+01-5.643750000000E+01 4.360895934534E-09-5.509035339492E-01
    -2.790242433548E-06 8.110558614135E-03 1.046434044838E-05 5.153760305405E+03
     2.376000000000E+05-7.078051567078E-08 7.230645626099E-01 1.434236764908E-07
     9.634449064790E-01 1.819375000000E+02-2.126696542293E+00-7.836397845996E-09
     5.982392047784E-10 1.000000000000E+00 2.343000000000E+03 0.000000000000E+00
     2.000000000000E+00 0.000000000000E+00 9.313225746155E-10 4.800000000000E+01
     2.304180000000E+05 4.000000000000E+00
G11 2024 12 03 18 00 00-7.520602084696E-04-7.958078640513E-13 0.000000000000E+00
     3.900000000000E+01 2.196875000000E+01 4.369824877889E-09-2.135701092729E+00
     1.300126314163E-06 1.761855324730E-03 3.781169652939E-07 5.153582777023E+03
     2.376000000000E+05-1.303851604462E-08-1.314495872018E+00-4.470348358154E-08
     9.658077283743E-01 3.764375000000E+02-2.381330781654E+00-8.250700817664E-09
     3.428714248282E-11 1.000000000000E+00 2.343000000000E+03 0.000000000000E+00
     2.000000000000E+00 0.000000000000E+00-8.847564458847E-09 8.070000000000E+02
     2.304180000000E+05 4.000000000000E+00
G06 2024 12 03 18 00 00-1.637078821659E-05-2.944489096990E-11 0.000000000000E+00
     2.500000000000E+01 3.487500000000E+01 3.935521073107E-09 3.132259202597E+00
     1.830980181694E-06 3.337492933497E-03 4.377216100693E-07 5.153743019104E+03
     2.376000000000E+05 3.352761268616E-08-1.343340357987E+00 3.166496753693E-08
     9.891331788758E-01 3.878125000000E+02-7.575032970529E-01-8.009619347081E-09
     2.392956819114E-11 1.000000000000E+00 2.343000000000E+03 0.000000000000E+00
     2.000000000000E+00 0.000000000000E+00 3.725290298462E-09 2.500000000000E+01
     2.304180000000E+05 4.000000000000E+00
G24 2024 12 03 18 00 00-4.762336611748E-04 2.728484105319E-12 0.000000000000E+00
     1.030000000000E+02 6.968750000000E+00 5.518444151064E-09-3.127778757043E+00
     1.639127731323E-07 1.635574793909E-02 5.489215254784E-06 5.153682659149E+03
     2.376000000000E+05 1.043081283569E-07 1.680194212662E+00-2.980232238770E-07
     9.336023768350E-01 2.575312500000E+02 1.036397374636E+00-8.123909822024E-09
     2.967980771169E-10 1.000000000000E+00 2.343000000000E+03 0.000000000000E+00
     2.000000000000E+00 0.000000000000E+00 2.328306436539E-09 1.030000000000E+02
     2.304180000000E+05 4.000000000000E+00
G31 2024 12 03 18 00 00-2.206531353295E-04 6.821210263297E-13 0.000000000000E+00
     4.900000000000E+01-9.375000000000E-02 5.204502502705E-09 1.210130301459E+00
     1.769512891769E-07 1.072529179510E-02 5.958601832390E-06 5.153586090088E+03
     2.376000000000E+05-1.043081283569E-07 1.802943856328E+00 1.359730958939E-07
     9.537800811345E-01 2.644375000000E+02 7.804559550661E-01-8.244271978448E-09
     7.393165097859E-11 1.000000000000E+00 2.343000000000E+03 0.000000000000E+00
     2.000000000000E+00 0.000000000000E+00-1.303851604462E-08 4.900000000000E+01
     2.304180000000E+05 4.000000000000E+00
G03 2024 12 03 18 00 00 6.158165633678E-04 9.094947017729E-12 0.000000000000E+00
     3.500000000000E+01-1.354375000000E+02 3.639437311458E-09 1.701665278446E+00
    -7.038936018944E-06 5.652896827087E-03 4.896894097328E-06 5.153623308182E+03
     2.376000000000E+05-1.676380634308E-08-3.074644785354E-01-1.005828380585E-07
     9.875309237011E-01 2.992187500000E+02 1.155594563129E+00-7.784967132272E-09
    -1.032185851827E-10 1.000000000000E+00 2.343000000000E+03 0.000000000000E+00
     2.000000000000E+00 0.000000000000E+00 1.396983861923E-09 3.500000000000E+01
     2.304180000000E+05 4.000000000000E+00
G26 2024 12 03 17 59 44 4.379544407129E-06-1.364242052659E-11 0.000000000000E+00
     2.900000000000E+01 8.031250000000E+00 5.435940714464E-09 5.940001013913E-01
     6.631016731262E-07 9.669893188402E-03 7.890164852142E-06 5.153733303070E+03
     2.375840000000E+05 5.587935447693E-09 2.742116479541E+00 1.098960638046E-07
     9.302494724645E-01 2.084375000000E+02 5.882158110810E-01-8.345347617226E-09
    -7.036007363663E-10 1.000000000000E+00 2.343000000000E+03 0.000000000000E+00
     2.000000000000E+00 0.000000000000E+00 6.519258022308E-09 2.900000000000E+01
     2.322780000000E+05 4.000000000000E+00
G18 2024 12 03 18 00 00-6.605722010136E-04 1.136868377216E-13 0.000000000000E+00
     9.000000000000E+00 3.175000000000E+01 4.274106605125E-09 3.012243095970E+00
     1.633539795876E-06 4.798610229045E-03-1.005828380585E-07 5.153722557068E+03
     2.376000000000E+05-2.793967723846E-08-1.341967356704E+00-7.450580596924E-08
     9.740228033651E-01 3.895625000000E+02-2.941467476247E+00-8.211056309168E-09
     5.285934466102E-11 1.000000000000E+00 2.343000000000E+03 0.000000000000E+00
     2.000000000000E+00 0.000000000000E+00-8.381903171539E-09 2.650000000000E+02
     2.335380000000E+05 4.000000000000E+00
G20 2024 12 03 18 00 00 3.682025708258E-04-3.410605131648E-13 0.000000000000E+00
     9.700000000000E+01-1.177500000000E+02 4.354467095319E-09-2.856248744282E+00
    -6.077811121941E-06 3.859932650812E-03 3.632158041000E-06 5.153656726837E+03
     2.376000000000E+05-5.587935447693E-09-4.933545705867E-01-8.381903171539E-08
     9.565914688229E-01 3.053437500000E+02-2.428732218148E+00-8.112123616796E-09
    -1.082187934614E-10 1.000000000000E+00 2.343000000000E+03 0.000000000000E+00
     2.800000000000E+00 0.000000000000E+00-8.381903171539E-09 9.700000000000E+01
     2.341080000000E+05 4.000000000000E+00
G04 2024 12 03 18 00 00 4.899036139250E-04 6.252776074689E-12 0.000000000000E+00
     1.240000000000E+02-5.190625000000E+01 4.194103272665E-09-1.550524594899E+00
    -2.935528755188E-06 3.192993346602E-03 9.741634130478E-06 5.153686481476E+03
     2.376000000000E+05 3.725290298462E-08 7.686642048295E-01-9.313225746155E-09
     9.663369814141E-01 1.939687500000E+02-2.989974349233E+00-7.633175095239E-09
     6.293119276535E-10 1.000000000000E+00 2.343000000000E+03 0.000000000000E+00
     2.000000000000E+00 0.000000000000E+00-4.656612873077E-09 3.800000000000E+02
     2.346420000000E+05 4.000000000000E+00
G05 2024 12 03 18 00 00-1.949034631252E-04-1.136868377216E-12 0.000000000000E+00
     6.900000000000E+01-1.251562500000E+02 3.975879897071E-09-9.149398387339E-01
    -6.357207894325E-06 5.654326057993E-03 5.206093192101E-06 5.153716037750E+03
     2.376000000000E+05-6.146728992462E-08-3.612590586784E-01 6.891787052155E-08
     9.743790765825E-01 2.852187500000E+02 1.335359937981E+00-7.988189883030E-09
    -8.000333245992E-11 1.000000000000E+00 2.343000000000E+03 0.000000000000E+00
     2.000000000000E+00 0.000000000000E+00-1.071020960808E-08 6.900000000000E+01
     2.364360000000E+05 4.000000000000E+00
G16 2024 12 03 18 00 00-1.124893315136E-04 9.663381206337E-12 0.000000000000E+00
     3.700000000000E+01 2.406250000000E+01 4.631264339321E-09-2.397246566713E-01
     1.374632120132E-06 1.432628883049E-02 8.912757039070E-06 5.153654806137E+03
     2.376000000000E+05-1.303851604462E-08 2.914399315150E+00 1.434236764908E-07
     9.609225884771E-01 2.066875000000E+02 8.570264741812E-01-8.045692278235E-09
    -6.650277010731E-10 1.000000000000E+00 2.343000000000E+03 0.000000000000E+00
     2.000000000000E+00 0.000000000000E+00-1.071020960808E-08 3.700000000000E+01
     2.371980000000E+05 4.000000000000E+00
G29 2024 12 03 20 00 00-5.588675849140E-04 3.069544618484E-12 0.000000000000E+00
     1.820000000000E+02 1.242812500000E+02 4.064812172886E-09-2.759853224565E-01
     6.398186087608E-06 2.865203889087E-03 7.629394531250E-06 5.153745992661E+03
     2.448000000000E+05 1.303851604462E-08-2.333209187162E+00-4.656612873077E-08
     9.687309663903E-01 2.373125000000E+02 2.665100642311E+00-7.831040479983E-09
    -6.785996949726E-11 1.000000000000E+00 2.343000000000E+03 0.000000000000E+00
     2.000000000000E+00 0.000000000000E+00-9.778887033463E-09 1.820000000000E+02
     2.376180000000E+05 4.000000000000E+00
G28 2024 12 03 20 00 00-4.977597855031E-04-1.114131009672E-11 0.000000000000E+00
     5.200000000000E+01 8.125000000000E-01 4.986636284846E-09 2.103879167629E+00
     1.061707735062E-07 4.807793302462E-04 5.843117833138E-06 5.153758506775E+03
     2.448000000000E+05-3.352761268616E-08 1.749649576614E+00 3.725290298462E-09
     9.609084420593E-01 2.693437500000E+02 1.424392194555E+00-8.014619555360E-09
     2.535819912792E-10 1.000000000000E+00 2.343000000000E+03 0.000000000000E+00
     2.000000000000E+00 0.000000000000E+00-9.313225746155E-09 3.080000000000E+02
     2.376180000000E+05 4.000000000000E+00
G31 2024 12 03 20 00 00-2.206480130553E-04 6.821210263297E-13 0.000000000000E+00
     5.000000000000E+01-3.281250000000E+00 5.111641491814E-09 2.260324503314E+00
    -2.551823854446E-07 1.072521531023E-02 5.820766091347E-06 5.153587007523E+03
     2.448000000000E+05-1.471489667892E-07 1.802884337506E+00-1.676380634308E-07
     9.537821072760E-01 2.655937500000E+02 7.805011577718E-01-7.989975671701E-09
     2.110802209099E-10 1.000000000000E+00 2.343000000000E+03 0.000000000000E+00
     2.000000000000E+00 0.000000000000E+00-1.303851604462E-08 5.000000000000E+01
     2.376180000000E+05 4.000000000000E+00
G25 2024 12 03 20 00 00 4.984759725630E-04-3.410605131648E-13 0.000000000000E+00
     3.000000000000E+01 8.031250000000E+00 4.764127016442E-09 2.414351198001E+00
     2.402812242508E-07 1.216300518718E-02 8.927658200264E-06 5.153700317383E+03
     2.448000000000E+05-1.303851604462E-08 2.808053307537E+00-1.862645149231E-07
     9.495360109576E-01 1.985625000000E+02 1.100255131254E+00-7.762466195018E-09
    -5.750239520557E-10 1.000000000000E+00 2.343000000000E+03 0.000000000000E+00
     2.000000000000E+00 0.000000000000E+00 5.587935447693E-09 3.000000000000E+01
     2.376180000000E+05 4.000000000000E+00
G26 2024 12 03 20 00 00 4.280824214220E-06-1.364242052659E-11 0.000000000000E+00
     3.000000000000E+01 4.531250000000E+00 5.434869241262E-09 1.646339464876E+00
     3.855675458908E-07 9.670528583229E-03 8.715316653252E-06 5.153736228943E+03
     2.448000000000E+05-1.657754182816E-07 2.742055771366E+00 1.676380634308E-07
     9.302447355357E-01 1.982500000000E+02 5.883607335976E-01-8.287488064286E-09
    -5.939533119681E-10 1.000000000000E+00 2.343000000000E+03 0.000000000000E+00
     2.000000000000E+00 0.000000000000E+00 6.519258022308E-09 3.000000000000E+01
     2.376180000000E+05 4.000000000000E+00
G18 2024 12 03 20 00 00-6.605712696910E-04 1.136868377216E-13 0.000000000000E+00
     1.000000000000E+01 2.937500000000E+01 4.273392289656E-09-2.220778786225E+00
     1.521781086922E-06 4.799311864190E-03 2.067536115646E-07 5.153721393585E+03
     2.448000000000E+05-1.862645149231E-09-1.342026180640E+00-2.980232238770E-08
     9.740232846652E-01 3.832812500000E+02-2.941480932168E+00-8.172840431609E-09
     4.107313943255E-11 1.000000000000E+00 2.343000000000E+03 0.000000000000E+00
     2.000000000000E+00 0.000000000000E+00-8.381903171539E-09 2.660000000000E+02
     2.376180000000E+05 4.000000000000E+00
G20 2024 12 03 20 00 00 3.682002425194E-04-3.410605131648E-13 0.000000000000E+00
     1.000000000000E+02-1.146875000000E+02 4.453042629957E-09-1.806520549129E+00
    -5.930662155151E-06 3.861210192554E-03 2.911314368248E-06 5.153652627945E+03
     2.448000000000E+05 6.519258022308E-08-4.934129673506E-01-1.136213541031E-07
     9.565907037168E-01 3.212500000000E+02-2.428269176781E+00-8.132481607645E-09
    -1.253623647028E-10 1.000000000000E+00 2.343000000000E+03 0.000000000000E+00
     2.800000000000E+00 0.000000000000E+00-8.381903171539E-09 1.000000000000E+02
     2.376180000000E+05 4.000000000000E+00
G11 2024 12 03 20 00 00-7.520657964051E-04-7.958078640513E-13 0.000000000000E+00
     4.000000000000E+01 3.634375000000E+01 4.536260382024E-09-1.086591935750E+00
     1.817941665649E-06 1.761769759469E-03 4.544854164124E-07 5.153579036713E+03
     2.448000000000E+05 8.940696716309E-08-1.314555036814E+00 4.656612873077E-08
     9.658073772739E-01 3.758437500000E+02-2.380203315079E+00-8.343918986289E-09
    -4.607334771129E-11 1.000000000000E+00 2.343000000000E+03 0.000000000000E+00
     2.000000000000E+00 0.000000000000E+00-8.847564458847E-09 8.080000000000E+02
     2.376180000000E+05 4.000000000000E+00
G04 2024 12 03 20 00 00 4.899487830698E-04 6.252776074689E-12 0.000000000000E+00
     1.250000000000E+02-5.765625000000E+01 4.110171205129E-09-5.000692241304E-01
    -2.926215529442E-06 3.193251905032E-03 9.899958968163E-06 5.153688205719E+03
     2.448000000000E+05 6.332993507385E-08 7.686093307723E-01 3.911554813385E-08
     9.663413409099E-01 1.890937500000E+02-2.990260266331E+00-7.667462237722E-09
     6.060966749308E-10 1.000000000000E+00 2.343000000000E+03 0.000000000000E+00
     2.000000000000E+00 0.000000000000E+00-4.656612873077E-09 3.810000000000E+02
     2.376180000000E+05 4.000000000000E+00
G16 2024 12 03 20 00 00-1.124199479818E-04 9.663381206337E-12 0.000000000000E+00
     3.900000000000E+01 2.684375000000E+01 4.651979487904E-09 8.104412304046E-01
     1.700595021248E-06 1.432704494800E-02 9.367242455482E-06 5.153656423569E+03
     2.448000000000E+05-8.381903171539E-08 2.914341740546E+00 1.247972249985E-07
     9.609176935533E-01 2.011562500000E+02 8.570534811119E-01-8.018548290436E-09
    -7.118153642528E-10 1.000000000000E+00 2.343000000000E+03 0.000000000000E+00
     2.000000000000E+00 0.000000000000E+00-1.071020960808E-08 3.900000000000E+01
     2.376180000000E+05 4.000000000000E+00
G05 2024 12 03 20 00 00-1.949118450284E-04-1.136868377216E-12 0.000000000000E+00
     7.000000000000E+01-1.230937500000E+02 3.963379376374E-09 1.352986090787E-01
    -6.305053830147E-06 5.654040374793E-03 4.872679710388E-06 5.153715900421E+03
     2.448000000000E+05-1.359730958939E-07-3.613163567908E-01 9.313225746155E-09
     9.743784577681E-01 2.935000000000E+02 1.335271696226E+00-7.973546415928E-09
    -1.282196265764E-10 1.000000000000E+00 2.343000000000E+03 0.000000000000E+00
     2.000000000000E+00 0.000000000000E+00-1.071020960808E-08 7.000000000000E+01
     2.376180000000E+05 4.000000000000E+00
G12 2024 12 03 20 00 00-5.560964345932E-04-2.387423592154E-12 0.000000000000E+00
     1.690000000000E+02 1.275000000000E+01 4.498758819934E-09 2.611996882806E+00
     6.128102540970E-07 8.889462216757E-03 9.292736649513E-06 5.153785650253E+03
     2.448000000000E+05 5.587935447693E-08 2.896717599252E+00-1.415610313416E-07
     9.615305845455E-01 1.953750000000E+02 1.458420061141E+00-7.681034231621E-09
    -6.178828801592E-10 1.000000000000E+00 2.343000000000E+03 0.000000000000E+00
     2.000000000000E+00 0.000000000000E+00-1.257285475731E-08 1.690000000000E+02
     2.376180000000E+05 4.000000000000E+00
G09 2024 12 03 20 00 00 4.714867100120E-04 1.659827830736E-11 0.000000000000E+00
     3.600000000000E+01-6.696875000000E+01 4.216961367653E-09 3.585824847427E-01
    -3.531575202942E-06 3.166586626321E-03 9.907409548759E-06 5.153557924271E+03
     2.448000000000E+05-9.313225746155E-09 7.076391345246E-01-7.450580596924E-09
     9.601532413222E-01 1.855000000000E+02 2.028165347970E+00-7.761394721815E-09
     5.578803808143E-10 1.000000000000E+00 2.343000000000E+03 0.000000000000E+00
     2.000000000000E+00 0.000000000000E+00 9.313225746155E-10 3.600000000000E+01
     2.381880000000E+05 4.000000000000E+00
G27 2024 12 03 20 00 00-3.444589674473E-05 2.273736754432E-13 0.000000000000E+00
     8.400000000000E+01 1.322187500000E+02 4.426970115360E-09-1.123368253825E-01
     6.994232535362E-06 1.293147786055E-02 7.856637239456E-06 5.153691371918E+03
     2.448000000000E+05 1.862645149231E-09-2.418285672288E+00 1.452863216400E-07
     9.595496208418E-01 2.252500000000E+02 8.006340558164E-01-8.141053393266E-09
    -1.753644474903E-10 1.000000000000E+00 2.343000000000E+03 0.000000000000E+00
     2.000000000000E+00 0.000000000000E+00 1.862645149231E-09 8.400000000000E+01
     2.404560000000E+05 4.000000000000E+00
G20 2024 12 03 19 59 44 3.682016395032E-04-3.410605131648E-13 0.000000000000E+00
     9.000000000000E+00-1.146875000000E+02 4.453399787691E-09-1.808853812765E+00
    -5.930662155151E-06 3.861216013320E-03 2.911314368248E-06 5.153652626038E+03
     2.447840000000E+05 6.519258022308E-08-4.934128137442E-01-1.136213541031E-07
     9.565906905505E-01 3.212500000000E+02-2.428269678562E+00-8.132481607645E-09
    -1.253623647028E-10 1.000000000000E+00 2.343000000000E+03 0.000000000000E+00
     2.000000000000E+00 0.000000000000E+00-8.381903171539E-09 9.000000000000E+00
     2.415060000000E+05 4.000000000000E+00
G31 2024 12 03 19 59 44-2.206470817327E-04 6.821210263297E-13 0.000000000000E+00
     2.400000000000E+01-3.281250000000E+00 5.111641491814E-09 2.257990606235E+00
    -2.551823854446E-07 1.072521356400E-02 5.820766091347E-06 5.153587005615E+03
     2.447840000000E+05-1.471489667892E-07 1.802884470632E+00-1.676380634308E-07
     9.537821028873E-01 2.655937500000E+02 7.805011987335E-01-7.989975671701E-09
     2.110802209099E-10 1.000000000000E+00 2.343000000000E+03 0.000000000000E+00
     2.000000000000E+00 0.000000000000E+00-1.350417733192E-08 2.400000000000E+01
     2.419560000000E+05 4.000000000000E+00
G23 2024 12 03 20 00 00 3.761621192098E-04 7.730704965070E-12 0.000000000000E+00
     1.700000000000E+01-1.290625000000E+02 3.768728411237E-09 2.943197394431E+00
    -6.599351763725E-06 4.952987423167E-03 5.584210157394E-06 5.153629137039E+03
     2.448000000000E+05-7.078051567078E-08-3.399470003857E-01-5.587935447693E-08
     9.822610524413E-01 2.815312500000E+02-2.890329765996E+00-7.740679573232E-09
    -1.100045821324E-10 1.000000000000E+00 2.343000000000E+03 0.000000000000E+00
     2.000000000000E+00 0.000000000000E+00-8.381903171539E-09 5.290000000000E+02
     2.424780000000E+05 4.000000000000E+00
G26 2024 12 03 22 00 00 4.182569682598E-06-1.364242052659E-11 0.000000000000E+00
     7.000000000000E+01-3.125000000000E-02 5.319150135382E-09 2.696422234798E+00
    -1.676380634308E-08 9.670227416791E-03 8.480623364449E-06 5.153737525940E+03
     2.520000000000E+05-1.210719347000E-07 2.741996353486E+00-1.080334186554E-07
     9.302418331063E-01 2.007812500000E+02 5.884266746300E-01-8.051406801982E-09
    -4.985921969377E-10 1.000000000000E+00 2.343000000000E+03 0.000000000000E+00
     2.000000000000E+00 0.000000000000E+00 6.519258022308E-09 7.000000000000E+01
     2.448180000000E+05 4.000000000000E+00
G18 2024 12 03 22 00 00-6.605703383684E-04 1.136868377216E-13 0.000000000000E+00
     1.100000000000E+01 3.246875000000E+01 4.246605459591E-09-1.170379028287E+00
     1.657754182816E-06 4.798863199539E-03 6.947666406631E-07 5.153723749161E+03
     2.520000000000E+05 4.284083843231E-08-1.342084769046E+00-8.754432201385E-08
     9.740234046244E-01 3.737812500000E+02-2.941732081555E+00-8.186412425508E-09
    -1.321483616526E-11 1.000000000000E+00 2.343000000000E+03 0.000000000000E+00
     2.000000000000E+00 0.000000000000E+00-8.381903171539E-09 2.670000000000E+02
     2.448180000000E+05 4.000000000000E+00
G16 2024 12 03 22 00 00-1.123500987887E-04 9.663381206337E-12 0.000000000000E+00
     4.100000000000E+01 1.581250000000E+01 4.566261631697E-09 1.860518322742E+00
     7.543712854385E-07 1.432752539404E-02 9.702518582344E-06 5.153659656525E+03
     2.520000000000E+05-3.259629011154E-07 2.914283304283E+00-1.322478055954E-07
     9.609139206875E-01 1.962500000000E+02 8.571682280173E-01-7.787824394146E-09
    -5.153786104449E-10 1.000000000000E+00 2.343000000000E+03 0.000000000000E+00
     2.000000000000E+00 0.000000000000E+00-1.071020960808E-08 4.100000000000E+01
     2.448180000000E+05 4.000000000000E+00
G27 2024 12 03 22 00 00-3.444449976087E-05 2.273736754432E-13 0.000000000000E+00
     8.500000000000E+01 1.271250000000E+02 4.454114103159E-09 9.377963961956E-01
     6.873160600662E-06 1.293136202730E-02 8.240342140198E-06 5.153691539764E+03
     2.520000000000E+05-7.078051567078E-08-2.418343947630E+00 1.471489667892E-07
     9.595482383842E-01 2.202187500000E+02 8.006708262623E-01-8.112480774530E-09
    -2.128660095809E-10 1.000000000000E+00 2.343000000000E+03 0.000000000000E+00
     2.000000000000E+00 0.000000000000E+00 1.862645149231E-09 8.500000000000E+01
     2.448180000000E+05 4.000000000000E+00
G29 2024 12 03 22 00 00-5.588452331722E-04 3.069544618484E-12 0.000000000000E+00
     1.830000000000E+02 1.240625000000E+02 4.160887603384E-09 7.744077631117E-01
     6.329268217087E-06 2.863811445422E-03 8.068978786469E-06 5.153743091583E+03
     2.520000000000E+05 2.421438694000E-08-2.333265579728E+00-2.421438694000E-08
     9.687304353510E-01 2.250000000000E+02 2.664841723366E+00-7.834969215059E-09
    -7.428880871279E-11 1.000000000000E+00 2.343000000000E+03 0.000000000000E+00
     2.000000000000E+00 0.000000000000E+00-9.778887033463E-09 1.830000000000E+02
     2.448180000000E+05 4.000000000000E+00
G31 2024 12 03 21 59 44-2.206424251199E-04 6.821210263297E-13 0.000000000000E+00
     2.500000000000E+01 1.437500000000E+00 5.069139721445E-09-2.974981400694E+00
    -9.499490261078E-08 1.072443404701E-02 5.619600415230E-06 5.153588535309E+03
     2.519840000000E+05-1.117587089539E-08 1.802827007210E+00-2.142041921616E-07
     9.537837472072E-01 2.691562500000E+02 7.805255153578E-01-7.980332412877E-09
     2.439387324559E-10 1.000000000000E+00 2.343000000000E+03 0.000000000000E+00
     2.000000000000E+00 0.000000000000E+00-1.350417733192E-08 2.500000000000E+01
     2.448180000000E+05 4.000000000000E+00
G23 2024 12 03 22 00 00 3.762179985642E-04 7.730704965070E-12 0.000000000000E+00
     1.800000000000E+01-1.227500000000E+02 3.711583173766E-09-2.289757901585E+00
    -6.346032023430E-06 4.951793001965E-03 5.299225449562E-06 5.153631332397E+03
     2.520000000000E+05-4.656612873077E-08-3.400027273240E-01-5.587935447693E-08
     9.822602756318E-01 2.884062500000E+02-2.890358254863E+00-7.739965257763E-09
    -1.039329006511E-10 1.000000000000E+00 2.343000000000E+03 0.000000000000E+00
     2.000000000000E+00 0.000000000000E+00-8.381903171539E-09 5.300000000000E+02
     2.448180000000E+05 4.000000000000E+00
G05 2024 12 03 22 00 00-1.949202269316E-04-1.136868377216E-12 0.000000000000E+00
     7.100000000000E+01-1.211875000000E+02 4.105170996850E-09 1.185520379625E+00
    -6.409361958504E-06 5.652676802129E-03 4.464760422707E-06 5.153713403702E+03
     2.520000000000E+05 1.117587089539E-08-3.613733038029E-01-8.009374141693E-08
     9.743768558728E-01 3.056250000000E+02 1.335202647955E+00-8.028905864728E-09
    -2.546534644818E-10 1.000000000000E+00 2.343000000000E+03 0.000000000000E+00
     2.000000000000E+00 0.000000000000E+00-1.071020960808E-08 7.100000000000E+01
     2.448180000000E+05 4.000000000000E+00
G28 2024 12 03 22 00 00-4.978403449059E-04-1.114131009672E-11 0.000000000000E+00
     5.300000000000E+01 6.468750000000E+00 4.899846955436E-09-3.129971701965E+00
     8.568167686462E-08 4.800304304808E-04 5.839392542839E-06 5.153760097504E+03
     2.520000000000E+05 1.862645149231E-08 1.749591517784E+00-1.490116119385E-08
     9.609102838732E-01 2.673437500000E+02 1.425189587313E+00-8.048192382375E-09
     2.903692379014E-10 1.000000000000E+00 2.343000000000E+03 0.000000000000E+00
     2.000000000000E+00 0.000000000000E+00-9.313225746155E-09 3.090000000000E+02
     2.448180000000E+05 4.000000000000E+00
G07 2024 12 03 22 00 00-1.698313280940E-05 1.591615728103E-12 0.000000000000E+00
     1.110000000000E+02 9.062500000000E-01 5.009137222100E-09-1.897757247698E+00
     3.352761268616E-08 1.887586200610E-02 5.099922418594E-06 5.153574546814E+03
     2.520000000000E+05 3.147870302200E-07 1.780502454537E+00-6.332993507385E-08
     9.498596245289E-01 2.670000000000E+02-2.091411517056E+00-7.834969215059E-09
     4.196603376804E-10 1.000000000000E+00 2.343000000000E+03 0.000000000000E+00
     2.800000000000E+00 0.000000000000E+00-1.071020960808E-08 1.110000000000E+02
     2.453280000000E+05 4.000000000000E+00
G08 2024 12 03 22 00 00 4.297546111047E-04 9.436007530894E-12 0.000000000000E+00
     1.090000000000E+02 1.271562500000E+02 4.629478550650E-09 8.682720805259E-01
     6.878748536110E-06 1.007799466606E-02 7.949769496918E-06 5.153723531723E+03
     2.520000000000E+05 1.862645149231E-08-2.446450635735E+00 1.117587089539E-07
     9.505167000358E-01 2.177500000000E+02 3.832719776163E-01-8.093908572352E-09
    -2.492960984689E-10 1.000000000000E+00 2.343000000000E+03 0.000000000000E+00
     2.000000000000E+00 0.000000000000E+00 4.656612873077E-09 1.090000000000E+02
     2.454960000000E+05 4.000000000000E+00
G10 2024 12 03 22 00 00-2.201488241553E-04-1.500666257925E-11 0.000000000000E+00
     6.300000000000E+01-1.290000000000E+02 3.598721329760E-09 2.823598234086E+00
    -6.778165698051E-06 1.003903546371E-02 5.470588803291E-06 5.153690921783E+03
     2.520000000000E+05 5.587935447693E-09-3.101059658439E-01-1.210719347000E-07
     9.871571188735E-01 2.872500000000E+02-2.351495099930E+00-7.568172387615E-09
    -1.546492989069E-10 1.000000000000E+00 2.343000000000E+03 0.000000000000E+00
     2.000000000000E+00 0.000000000000E+00 2.328306436539E-09 6.300000000000E+01
     2.456580000000E+05 4.000000000000E+00
G15 2024 12 03 22 00 00 2.352865412831E-04 4.547473508865E-12 0.000000000000E+00
     3.000000000000E+01-6.990625000000E+01 4.775198906202E-09-1.476944172082E-01
    -3.602355718613E-06 1.613028731663E-02 9.745359420776E-06 5.153734228134E+03
     2.520000000000E+05-2.272427082062E-07 5.748552991792E-01 1.769512891769E-07
     9.374301253961E-01 1.832187500000E+02 1.381547790302E+00-8.246772082588E-09
     4.571618997710E-10 1.000000000000E+00 2.343000000000E+03 0.000000000000E+00
     2.000000000000E+00 0.000000000000E+00-1.024454832077E-08 3.000000000000E+01
     2.477160000000E+05 4.000000000000E+00
G13 2024 12 03 22 00 00 6.885780021548E-04 1.477928890381E-12 0.000000000000E+00
     1.600000000000E+01-4.203125000000E+01 4.093741949356E-09 5.623471638109E-01
    -2.255663275719E-06 8.776307688095E-03 9.402632713318E-06 5.153687553406E+03
     2.520000000000E+05-9.126961231232E-08 8.763180246318E-01 8.568167686462E-08
     9.725241944735E-01 2.068125000000E+02 9.737666595757E-01-7.717107162775E-09
     5.057353516217E-10 1.000000000000E+00 2.343000000000E+03 0.000000000000E+00
     2.000000000000E+00 0.000000000000E+00-1.117587089539E-08 1.600000000000E+01
     2.487180000000E+05 4.000000000000E+00
G21 2024 12 03 21 59 44 9.588897228241E-05-1.023181539495E-12 0.000000000000E+00
     0.000000000000E+00 4.928125000000E+01 4.826272462192E-09 6.789779902272E-01
     2.130866050720E-06 2.567506756168E-02 5.960464477539E-08 5.153629571915E+03
     2.519840000000E+05 5.271285772324E-07-1.454419833075E+00-2.477318048477E-07
     9.606448300731E-01 3.701875000000E+02-4.846297754383E-01-8.676789994560E-09
    -5.214502919263E-11 1.000000000000E+00 2.343000000000E+03 0.000000000000E+00
     2.000000000000E+00 0.000000000000E+00-1.024454832077E-08 0.000000000000E+00
     2.497380000000E+05 4.000000000000E+00
G30 2024 12 03 22 00 00-2.688937820494E-04 7.958078640513E-12 0.000000000000E+00
     3.900000000000E+01-3.750000000000E-01 5.416654196818E-09-2.069437865765E+00
    -2.868473529816E-07 7.172349607572E-03 5.502253770828E-06 5.153758522034E+03
     2.520000000000E+05 9.126961231232E-08 1.778267538495E+00-5.774199962616E-08
     9.350252914193E-01 2.575625000000E+02-2.461458852750E+00-8.203198839016E-09
     3.710868858297E-10 1.000000000000E+00 2.343000000000E+03 0.000000000000E+00
     2.000000000000E+00 0.000000000000E+00 3.725290298462E-09 3.900000000000E+01
     2.502480000000E+05 4.000000000000E+00
G27 2024 12 04 00 00 00-3.444263711572E-05 2.273736754432E-13 0.000000000000E+00
     8.600000000000E+01 1.221562500000E+02 4.368396246952E-09 1.987902841984E+00
     6.258487701416E-06 1.293189439457E-02 8.638948202133E-06 5.153693147659E+03
     2.592000000000E+05-2.998858690262E-07-2.418402993929E+00-1.713633537292E-07
     9.595482105888E-01 2.126875000000E+02 8.007333981944E-01-7.851398470833E-09
    -1.285767843106E-11 1.000000000000E+00 2.343000000000E+03 0.000000000000E+00
     2.000000000000E+00 0.000000000000E+00 1.862645149231E-09 8.600000000000E+01
     2.520180000000E+05 4.000000000000E+00
G08 2024 12 04 00 00 00 4.298225976527E-04 9.436007530894E-12 0.000000000000E+00
     1.100000000000E+02 1.204375000000E+02 4.603763193788E-09 1.918241772732E+00
     6.400048732758E-06 1.007821131498E-02 8.774921298027E-06 5.153726995468E+03
     2.592000000000E+05-1.788139343262E-07-2.446509591333E+00 1.732259988785E-07
     9.505154653330E-01 2.065312500000E+02 3.834530298207E-01-8.020334079107E-09
    -1.017899542459E-10 1.000000000000E+00 2.343000000000E+03 0.000000000000E+00
     2.800000000000E+00 0.000000000000E+00 4.656612873077E-09 1.100000000000E+02
     2.520180000000E+05 4.000000000000E+00
G23 2024 12 04 00 00 00 3.762738779187E-04 7.730704965070E-12 0.000000000000E+00
     1.900000000000E+01-1.204062500000E+02 3.849803216900E-09-1.240048654147E+00
    -6.282702088356E-06 4.952246788889E-03 4.569068551064E-06 5.153626646042E+03
     2.592000000000E+05 8.195638656616E-08-3.400578925019E-01-1.974403858185E-07
     9.822591521107E-01 3.060625000000E+02-2.889865052513E+00-7.777823977588E-09
    -2.317953694933E-10 1.000000000000E+00 2.343000000000E+03 0.000000000000E+00
     2.000000000000E+00 0.000000000000E+00-8.381903171539E-09 5.310000000000E+02
     2.520180000000E+05 4.000000000000E+00
G10 2024 12 04 00 00 00-2.202568575740E-04-1.500666257925E-11 0.000000000000E+00
     6.400000000000E+01-1.305312500000E+02 3.637294365053E-09-2.409461862455E+00
    -6.793066859245E-06 1.003946340643E-02 5.176290869713E-06 5.153689998627E+03
     2.592000000000E+05 3.911554813385E-08-3.101607813844E-01-8.940696716309E-08
     9.871560187591E-01 2.927812500000E+02-2.351456341378E+00-7.588530378464E-09
    -1.082187934614E-10 1.000000000000E+00 2.343000000000E+03 0.000000000000E+00
     2.000000000000E+00 0.000000000000E+00 2.328306436539E-09 6.400000000000E+01
     2.520180000000E+05 4.000000000000E+00
G16 2024 12 04 00 00 00-1.122807152569E-04 9.663381206337E-12 0.000000000000E+00
     4.300000000000E+01 1.403125000000E+01 4.483758195098E-09 2.910719875760E+00
     6.016343832016E-07 1.432784332428E-02 9.644776582718E-06 5.153659002304E+03
     2.592000000000E+05-5.215406417847E-08 2.914228218103E+00-1.993030309677E-07
     9.609112962125E-01 1.941562500000E+02 8.571562584216E-01-7.565672283476E-09
    -4.989493546719E-10 1.000000000000E+00 2.343000000000E+03 0.000000000000E+00
     2.000000000000E+00 0.000000000000E+00-1.071020960808E-08 4.300000000000E+01
     2.520180000000E+05 4.000000000000E+00
G21 2024 12 03 23 59 44 9.588152170181E-05-1.023181539495E-12 0.000000000000E+00
     1.700000000000E+01 7.350000000000E+01 4.628049919713E-09 1.729056446004E+00
     3.971159458160E-06 2.567609574180E-02 4.842877388000E-08 5.153636224747E+03
     2.591840000000E+05 2.626329660416E-07-1.454478544367E+00 2.607703208923E-07
     9.606448359248E-01 3.693437500000E+02-4.845019690632E-01-8.248915028993E-09
    -3.321566928024E-10 1.000000000000E+00 2.343000000000E+03 0.000000000000E+00
     2.000000000000E+00 0.000000000000E+00-1.024454832077E-08 1.700000000000E+01
     2.520180000000E+05 4.000000000000E+00
G18 2024 12 04 00 00 00-6.605694070458E-04 1.136868377216E-13 0.000000000000E+00
     1.200000000000E+01 4.415625000000E+01 4.428041588563E-09-1.204857179595E-01
     2.115964889526E-06 4.797494038939E-03 8.679926395416E-07 5.153720264435E+03
     2.592000000000E+05 1.303851604462E-08-1.342143786087E+00 5.960464477539E-08
     9.740225195590E-01 3.675000000000E+02-2.941475389171E+00-8.324275310908E-09
    -6.893144269984E-11 1.000000000000E+00 2.343000000000E+03 0.000000000000E+00
     2.000000000000E+00 0.000000000000E+00-8.381903171539E-09 2.680000000000E+02
     2.520180000000E+05 4.000000000000E+00
G26 2024 12 04 00 00 00 4.083849489689E-06-1.364242052659E-11 0.000000000000E+00
     7.300000000000E+01-7.531250000000E+00 5.349865700523E-09-2.536639871792E+00
    -6.686896085739E-07 9.671211824752E-03 8.454546332359E-06 5.153735656738E+03
     2.592000000000E+05 3.539025783539E-08 2.741937462255E+00-2.197921276093E-07
     9.302381304606E-01 2.015000000000E+02 5.884519538544E-01-8.160697068646E-09
    -4.007309777680E-10 1.000000000000E+00 2.343000000000E+03 0.000000000000E+00
     2.000000000000E+00 0.000000000000E+00 6.519258022308E-09 7.300000000000E+01
     2.520180000000E+05 4.000000000000E+00
G15 2024 12 04 00 00 00 2.353196032345E-04 4.547473508865E-12 0.000000000000E+00
     3.100000000000E+01-8.475000000000E+01 4.767341436049E-09 9.023692075052E-01
    -4.431232810020E-06 1.613150897902E-02 1.023523509502E-05 5.153737365723E+03
     2.592000000000E+05-2.402812242508E-07 5.747966873664E-01-8.754432201385E-08
     9.374325933389E-01 1.770937500000E+02 1.381629495740E+00-8.237843139233E-09
     2.928693420408E-10 1.000000000000E+00 2.343000000000E+03 0.000000000000E+00
     2.000000000000E+00 0.000000000000E+00-1.024454832077E-08 3.100000000000E+01
     2.520180000000E+05 4.000000000000E+00
G07 2024 12 04 00 00 00-1.697195693851E-05 1.591615728103E-12 0.000000000000E+00
     1.120000000000E+02 4.906250000000E+00 5.189501877869E-09-8.475434705361E-01
     6.668269634247E-07 1.887585071381E-02 5.705282092094E-06 5.153573390961E+03
     2.592000000000E+05 1.303851604462E-08 1.780445384640E+00 4.414469003677E-07
     9.498596757310E-01 2.649687500000E+02-2.091379926803E+00-8.397492646418E-09
     2.621537768999E-10 1.000000000000E+00 2.343000000000E+03 0.000000000000E+00
     2.800000000000E+00 0.000000000000E+00-1.071020960808E-08 1.120000000000E+02
     2.520180000000E+05 4.000000000000E+00
G13 2024 12 04 00 00 00 6.885887123644E-04 1.477928890381E-12 0.000000000000E+00
     3.800000000000E+01-5.340625000000E+01 3.970879688792E-09 1.612311030678E+00
    -2.769753336906E-06 8.777396054938E-03 9.834766387939E-06 5.153691514969E+03
     2.592000000000E+05-1.844018697739E-07 8.762622391766E-01-1.490116119385E-08
     9.725280975389E-01 1.969687500000E+02 9.739705610976E-01-7.649604351012E-09
     5.560945921433E-10 1.000000000000E+00 2.343000000000E+03 0.000000000000E+00
     2.000000000000E+00 0.000000000000E+00-1.117587089539E-08 3.800000000000E+01
     2.520180000000E+05 4.000000000000E+00
G30 2024 12 04 00 00 00-2.688360400498E-04 7.958078640513E-12 0.000000000000E+00
     4.000000000000E+01 3.375000000000E+00 5.408796726665E-09-1.019377880792E+00
     2.868473529816E-07 7.172357523814E-03 5.371868610382E-06 5.153757492065E+03
     2.592000000000E+05 1.918524503708E-07 1.778208784779E+00 9.499490261078E-08
     9.350273102463E-01 2.585000000000E+02-2.461383467118E+00-8.326775415047E-09
     2.832260832175E-10 1.000000000000E+00 2.343000000000E+03 0.000000000000E+00
     2.000000000000E+00 0.000000000000E+00 3.725290298462E-09 4.000000000000E+01
     2.520180000000E+05 4.000000000000E+00
G02 2024 12 04 00 00 00-3.002216108143E-04 8.753886504564E-12 0.000000000000E+00
     2.400000000000E+01 6.168750000000E+01 4.517331022112E-09 2.047811344454E+00
     3.172084689140E-06 1.646884379443E-02-3.483146429062E-07 5.153684972763E+03
     2.592000000000E+05 2.533197402954E-07-1.446148624455E+00 7.450580596924E-09
     9.664025318474E-01 3.795937500000E+02-1.087017579080E+00-8.130695818974E-09
    -1.675069773380E-10 1.000000000000E+00 2.343000000000E+03 0.000000000000E+00
     2.000000000000E+00 0.000000000000E+00-1.769512891769E-08 2.400000000000E+01
     2.524080000000E+05 4.000000000000E+00
G07 2024 12 03 23 59 44-1.697149127722E-05 1.591615728103E-12 0.000000000000E+00
     0.000000000000E+00 4.906250000000E+00 5.189501877869E-09-8.498773047096E-01
     6.668269634247E-07 1.887584978249E-02 5.703419446945E-06 5.153573387146E+03
     2.591840000000E+05 1.303851604462E-08 1.780445533857E+00 4.414469003677E-07
     9.498596640277E-01 2.649687500000E+02-2.091379931192E+00-8.397492646418E-09
     2.621537768999E-10 1.000000000000E+00 2.343000000000E+03 0.000000000000E+00
     2.000000000000E+00 0.000000000000E+00-1.071020960808E-08 0.000000000000E+00
     2.544060000000E+05 4.000000000000E+00
G32 2024 12 04 00 00 00-5.645575001836E-04 5.798028723802E-12 0.000000000000E+00
     5.500000000000E+01-5.540625000000E+01 3.985880313628E-09 2.599350093525E+00
    -2.836808562279E-06 8.111716713756E-03 1.004710793495E-05 5.153764656067E+03
     2.592000000000E+05 8.940696716309E-08 7.228972384288E-01-1.154839992523E-07
     9.634577289559E-01 1.857187500000E+02-2.126578379474E+00-7.499955260384E-09
     5.178787145843E-10 1.000000000000E+00 2.343000000000E+03 0.000000000000E+00
     2.000000000000E+00 0.000000000000E+00 9.313225746155E-10 5.500000000000E+01
     2.546880000000E+05 4.000000000000E+00
G26 2024 12 03 23 59 44 4.084780812263E-06-1.364242052659E-11 0.000000000000E+00
     3.100000000000E+01-7.531250000000E+00 5.349865700523E-09-2.538973531879E+00
    -6.686896085739E-07 9.671210427769E-03 8.454546332359E-06 5.153735649109E+03
     2.591840000000E+05 3.539025783539E-08 2.741937589529E+00-2.179294824600E-07
     9.302381216831E-01 2.015000000000E+02 5.884519816499E-01-8.160697068646E-09
    -4.007309777680E-10 1.000000000000E+00 2.343000000000E+03 0.000000000000E+00
     2.000000000000E+00 0.000000000000E+00 6.519258022308E-09 3.100000000000E+01
     2.546880000000E+05 4.000000000000E+00
G14 2024 12 04 00 00 00 5.529411137104E-04 7.844391802792E-12 0.000000000000E+00
     1.920000000000E+02 1.443750000000E+01 4.922347892690E-09-1.732454090798E+00
     6.034970283508E-07 5.049947532825E-03 8.728355169296E-06 5.153696222305E+03
     2.592000000000E+05 7.823109626770E-08 2.849196496059E+00-5.215406417847E-08
     9.448114058389E-01 2.024375000000E+02-2.860964741591E+00-7.963188841636E-09
    -4.164459180726E-10 1.000000000000E+00 2.343000000000E+03 0.000000000000E+00
     2.000000000000E+00 0.000000000000E+00-7.916241884232E-09 9.600000000000E+02
     2.565720000000E+05 4.000000000000E+00
G03 2024 12 03 23 59 44 6.160172633827E-04 9.208633855451E-12 0.000000000000E+00
     3.700000000000E+01-1.251562500000E+02 3.824445017772E-09-1.433425023197E+00
    -6.591901183128E-06 5.653008352965E-03 5.764886736870E-06 5.153620058060E+03
     2.591840000000E+05 8.381903171539E-08-3.076296390607E-01 1.378357410431E-07
     9.875272005746E-01 2.815625000000E+02 1.155782900666E+00-7.796039022032E-09
    -2.885834492304E-10 1.000000000000E+00 2.343000000000E+03 0.000000000000E+00
     2.000000000000E+00 0.000000000000E+00 1.396983861923E-09 3.700000000000E+01
     2.588460000000E+05 4.000000000000E+00
G22 2024 12 04 00 00 00-8.396711200476E-05-2.614797267597E-12 0.000000000000E+00
     3.000000000000E+01 2.609375000000E+01 4.476257882680E-09 2.388944420301E+00
     1.305714249611E-06 1.367619319353E-02 9.063631296158E-06 5.153678628922E+03
     2.592000000000E+05 2.235174179077E-07 2.917524068668E+00 2.607703208923E-08
     9.602689537535E-01 2.022187500000E+02-1.082551375033E+00-7.552457447310E-09
    -6.150256182857E-10 1.000000000000E+00 2.343000000000E+03 0.000000000000E+00
     2.000000000000E+00 0.000000000000E+00-1.117587089539E-08 3.000000000000E+01
     2.590680000000E+05 4.000000000000E+00
